tau_ms,target,cross,lower,upper,ratio,ratioerror
6.999999999999999556e-01,1.264330113046531105e-12,5.568540642681047091e-10,4.937486102872830191e-10,6.199595182489263991e-10,4.404340753373038986e+00,4.991216560359391097e-01
7.298466707369262174e-01,1.433296061845162660e-12,5.568540642681047091e-10,4.988043999300398872e-10,6.149037286061695310e-10,3.885129381740474841e+00,4.050081897425160671e-01
7.609659468368208390e-01,1.624854594316232710e-12,5.568540642681047091e-10,5.034551372785911891e-10,6.102529912576182291e-10,3.427100900035223052e+00,3.286381881529509275e-01
7.934120897757519497e-01,1.842028736704687304e-12,5.568540642681047091e-10,5.077332737149435610e-10,6.059748548212658572e-10,3.023047649391935376e+00,2.666667982628078137e-01
8.272416746360852224e-01,2.088246405157120996e-12,5.568540642681047091e-10,5.116686607291654785e-10,6.020394678070439397e-10,2.666610908011351366e+00,2.163796543681466011e-01
8.625136887542650399e-01,2.367394705551557613e-12,5.568540642681047091e-10,5.152887582136931727e-10,5.984193703225162455e-10,2.352180914128588096e+00,1.755740432991220179e-01
8.992896345747508624e-01,2.683881528302881438e-12,5.568540642681047091e-10,5.186188260698213808e-10,5.950893024663880375e-10,2.074808661963781109e+00,1.424624663740478581e-01
9.376336368894411244e-01,3.042705420514777768e-12,5.568540642681047091e-10,5.216821004633464083e-10,5.920260280728630099e-10,1.830128084389210485e+00,1.155943771853618629e-01
9.776125546495910701e-01,3.449534850557922536e-12,5.568540642681047091e-10,5.244999559592208734e-10,5.892081725769885449e-10,1.614287399272599455e+00,9.379266976596203897e-02
1.019296097545179025e+00,3.910798130865775603e-12,5.568540642681047091e-10,5.270920546665433741e-10,5.866160738696660441e-10,1.423888540463872143e+00,7.610213722429726158e-02
1.062756947554985620e+00,4.433785435909847079e-12,5.568540642681047091e-10,5.294764834345692438e-10,5.842316451016401744e-10,1.255933721444182583e+00,6.174764482610712452e-02
1.108070885679347528e+00,5.026764546739362351e-12,5.568540642681047091e-10,5.316698800570543364e-10,5.820382484791550818e-10,1.107778291748177546e+00,5.010018666390972375e-02
1.155316924076555507e+00,5.699112174322194131e-12,5.568540642681047091e-10,5.336875493655455314e-10,5.800205791706638868e-10,9.770891451648729964e-01,4.064934009656892555e-02
1.204577443833285688e+00,6.461462964820659559e-12,5.568540642681047091e-10,5.355435700216797566e-10,5.781645585145296616e-10,8.618080259725994230e-01,3.298091215900619821e-02
1.255938338609314586e+00,7.325878574990940057e-12,5.568540642681047091e-10,5.372508927536554269e-10,5.764572357825539914e-10,7.601191564404264911e-01,2.675879938975539787e-02
1.309489164406961947e+00,8.306039529788356862e-12,5.568540642681047091e-10,5.388214307223396754e-10,5.748866978138697428e-10,6.704206767420658464e-01,2.171026694594231296e-02
1.365323295726429409e+00,9.417462942322643332e-12,5.568540642681047091e-10,5.402661426475563730e-10,5.734419858886530452e-10,5.912994483452287398e-01,1.761400254178930452e-02
1.423538088379286970e+00,1.067774959460175024e-11,5.568540642681047091e-10,5.415951092745854574e-10,5.721130192616239608e-10,5.215088248016418460e-01,1.429042220753200948e-02
1.484235049244043925e+00,1.210686435293828615e-11,5.568540642681047091e-10,5.428176037144316414e-10,5.708905248217777768e-10,4.599490405007677918e-01,1.159380343604788678e-02
1.547520013259746863e+00,1.372745443233100992e-11,5.568540642681047091e-10,5.439421561486760103e-10,5.697659723875334080e-10,4.056499090968961885e-01,9.405901278278129204e-03
1.613503327966271605e+00,1.556521063853794611e-11,5.568540642681047091e-10,5.449766133503986103e-10,5.687315151858108080e-10,3.577555596208662481e-01,7.630767866475472207e-03
1.682300045913046604e+00,1.764927741512721551e-11,5.568540642681047091e-10,5.459281934364929012e-10,5.677799350997165171e-10,3.155109703150760225e-01,6.190548527556969174e-03
1.754030125271735630e+00,2.001271831716031033e-11,5.568540642681047091e-10,5.468035362334142264e-10,5.669045923027951918e-10,2.782500884865713453e-01,5.022070403068758064e-03
1.828818639002642410e+00,2.269304443657595660e-11,5.568540642681047091e-10,5.476087496077997042e-10,5.660993789284097141e-10,2.453853496021633773e-01,4.074074188688462002e-03
1.906795992939590567e+00,2.573281433191273198e-11,5.568540642681047091e-10,5.483494520852401274e-10,5.653586764509692908e-10,2.163984308432478076e-01,3.304967763360327441e-03
1.988098153173530447e+00,2.918031518394982427e-11,5.568540642681047091e-10,5.490308120545837810e-10,5.646773164816256373e-10,1.908320937420639185e-01,2.681003328476463422e-03
2.072866883131331939e+00,3.309033622880014042e-11,5.568540642681047091e-10,5.496575838313277333e-10,5.640505447048816849e-10,1.682829876403564018e-01,2.174798221124471520e-03
2.161249990763185913e+00,3.752504703335887802e-11,5.568540642681047091e-10,5.502341408317355940e-10,5.634739877044738243e-10,1.483953008148407027e-01,1.764134613980721617e-03
2.253401586269604628e+00,4.255499490034293321e-11,5.568540642681047091e-10,5.507645060891602698e-10,5.629436224470491485e-10,1.308551594389072426e-01,1.430985526639929869e-03
2.349482350817398757e+00,4.826023765061669850e-11,5.568540642681047091e-10,5.512523803255048641e-10,5.624557482107045541e-10,1.153856863059815191e-01,1.160724483596272750e-03
2.449659816713204652e+00,5.473163026237359814e-11,5.568540642681047091e-10,5.517011677736959157e-10,5.620069607625135025e-10,1.017426416116513910e-01,9.414841965491176122e-04
2.554108659523087077e+00,6.207228638802320041e-11,5.568540642681047091e-10,5.521139999313498018e-10,5.615941286048596165e-10,8.971057724209184625e-02,7.636361752586599523e-04
2.663011002647540426e+00,7.039923866371700247e-11,5.568540642681047091e-10,5.524937574113775858e-10,5.612143711248318324e-10,7.909944408924231285e-02,6.193684675336597056e-04
2.776556734883015576e+00,7.984532502290731643e-11,5.568540642681047091e-10,5.528430900419958959e-10,5.608650384942135224e-10,6.974159903548789174e-02,5.023430269591721295e-04
2.894943841523652139e+00,9.056133198078918440e-11,5.568540642681047091e-10,5.531644353563943733e-10,5.605436931798150449e-10,6.148916453422931250e-02,4.074176948328355071e-04
3.018378749580578724e+00,1.027184301356688845e-10,5.568540642681047091e-10,5.534600356010754661e-10,5.602480929351339522e-10,5.421169925641155379e-02,3.304206131753089737e-04
3.147076687720669952e+00,1.165109420102090965e-10,5.568540642681047091e-10,5.537319533815449610e-10,5.599761751546644572e-10,4.779414316397474771e-02,2.679671825367119058e-04
3.281262061552462583e+00,1.321594879147624508e-10,5.568540642681047091e-10,5.539820860545244486e-10,5.597260424816849697e-10,4.213500468613243233e-02,2.173115422022177281e-04
3.421168844913495821e+00,1.499145618533617759e-10,5.568540642681047091e-10,5.542121789671093755e-10,5.594959495691000427e-10,3.714476148122354549e-02,1.762260629186583236e-04
3.567040987841442856e+00,1.700605967211958609e-10,5.568540642681047091e-10,5.544238376352521132e-10,5.592842909009573050e-10,3.274444962541452758e-02,1.429035696495679919e-04
3.719132841940329115e+00,1.929205862872489433e-10,5.568540642681047091e-10,5.546185389465470297e-10,5.590895895896623885e-10,2.886441903257399438e-02,1.158780078658138666e-04
3.877709603883587874e+00,2.188613408624079137e-10,5.568540642681047091e-10,5.547976414654875805e-10,5.589104870707218377e-10,2.544323552374493091e-02,9.396007510900663520e-05
4.043047777827196931e+00,2.482994642878951059e-10,5.568540642681047091e-10,5.549623949131018156e-10,5.587457336231076027e-10,2.242671227090599351e-02,7.618499542083751461e-05
4.215435657539295278e+00,2.817081521318587112e-10,5.568540642681047091e-10,5.551139488871125241e-10,5.585941796490968941e-10,1.976705537437949134e-02,6.177014643700428666e-05
4.395173829086828299e+00,3.196249249714861505e-10,5.568540642681047091e-10,5.552533608834685952e-10,5.584547676527408230e-10,1.742211012830488515e-02,5.008068080913541425e-05
4.582575694955841605e+00,3.626604266144159473e-10,5.568540642681047091e-10,5.553816036752188749e-10,5.583265248609905434e-10,1.535469611225263702e-02,4.060163405783078893e-05
4.777968020519246295e+00,4.115084353633224538e-10,5.568540642681047091e-10,5.554995721002164786e-10,5.582085564359929396e-10,1.353202064421255707e-02,3.291529532495669508e-05
4.981691503804960952e+00,4.669572572806334003e-10,5.568540642681047091e-10,5.556080893050160620e-10,5.581000392311933562e-10,1.192516136280394150e-02,2.668284824027434911e-05
5.194101369557825976e+00,5.299026942441267104e-10,5.568540642681047091e-10,5.557079124885309273e-10,5.580002160476784910e-10,1.050860979400548845e-02,2.162947635495157011e-05
5.415567988631267760e+00,6.013628068325155229e-10,5.568540642681047091e-10,5.557997381855294511e-10,5.579083903506799671e-10,9.259868717079500905e-03,1.753227952546480085e-05
5.646477523788573372e+00,6.824947232410720244e-10,5.568540642681047091e-10,5.558842071268350697e-10,5.578239214093743485e-10,8.159096990756370404e-03,1.421047091251272268e-05
5.887232603039961987e+00,7.746137810734920047e-10,5.568540642681047091e-10,5.559619087101447420e-10,5.577462198260646762e-10,7.188796247448643074e-03,1.151742429254323322e-05
6.138253021689425992e+00,8.792153296452280978e-10,5.568540642681047091e-10,5.560333851126603198e-10,5.576747434235490984e-10,6.333534522026435139e-03,9.334222547780174177e-06
6.399976474315577590e+00,9.979995671221654583e-10,5.568540642681047091e-10,5.560991350742307188e-10,5.576089934619786994e-10,5.579702462857911473e-03,7.564424061227284228e-06
6.672859317962677395e+00,1.132899840276738648e-09,5.568540642681047091e-10,5.561596173774015686e-10,5.575485111588078497e-10,4.915298285541450964e-03,6.129817182458595518e-06
6.957377367872758178e+00,1.286114895873168760e-09,5.568540642681047091e-10,5.562152540486555714e-10,5.574928744875538469e-10,4.329738082087600248e-03,4.966976290298039779e-06
7.254026727146242415e+00,1.460145642846921974e-09,5.568540642681047091e-10,5.562664333031802394e-10,5.574416952330291789e-10,3.813688497364313337e-03,4.024468160384502011e-06
7.563324651777664442e+00,1.657837064848803368e-09,5.568540642681047091e-10,5.563135122537116234e-10,5.573946162824977949e-10,3.358919136670111567e-03,3.260585891380342278e-06
7.885810452574927076e+00,1.882426014911217685e-09,5.568540642681047091e-10,5.563568194023548001e-10,5.573513091338546181e-10,2.958172378883111315e-03,2.641510804695575673e-06
8.222046435534654307e+00,2.137595729726190752e-09,5.568540642681047091e-10,5.563966569327675240e-10,5.573114716034418942e-10,2.605048543633814613e-03,2.139821524574113825e-06
8.572618882313394195e+00,2.427538022335598582e-09,5.568540642681047091e-10,5.564333028187034761e-10,5.572748257175059422e-10,2.293904602673586205e-03,1.733284692242604153e-06
8.938139072504190707e+00,2.757024251269345220e-09,5.568540642681047091e-10,5.564670127636252752e-10,5.572411157725841431e-10,2.019764838860834376e-03,1.403874138196855763e-06
9.319244349501172309e+00,3.131486324034953169e-09,5.568540642681047091e-10,5.564980219849226167e-10,5.572101065512868016e-10,1.778242044316188930e-03,1.136975373145415868e-06
9.716599231810485904e+00,3.557109176487664147e-09,5.568540642681047091e-10,5.565265468551856388e-10,5.571815816810237794e-10,1.565468015265755655e-03,9.207404008826366469e-07
1.013089657174550418e+01,4.040936380605968022e-09,5.568540642681047091e-10,5.565527864119846961e-10,5.571553421242247221e-10,1.378032247507033703e-03,7.455644626367677649e-07
1.056285876352655784e+01,4.590990775735530162e-09,5.568540642681047091e-10,5.565769237466916154e-10,5.571312047895178028e-10,1.212927865599305053e-03,6.036616820791983818e-07
1.101323900289174595e+01,5.216412297270543955e-09,5.568540642681047091e-10,5.565991272820337852e-10,5.571090012541756330e-10,1.067503932829906230e-03,4.887209283678777144e-07
1.148282260041514213e+01,5.927615497595588682e-09,5.568540642681047091e-10,5.566195519472952948e-10,5.570885765889141234e-10,9.394233895327609675e-04,3.956267421547160107e-07
1.197242835082245627e+01,6.736469623370930119e-09,5.568540642681047091e-10,5.566383402593642400e-10,5.570697882768451782e-10,8.266259560168893452e-04,3.202330312435590163e-07
1.248290996069165182e+01,7.656504538384746777e-09,5.568540642681047091e-10,5.566556233171712198e-10,5.570525052190381984e-10,7.272954145955530742e-04,2.591795641675222873e-07
1.301515753702801348e+01,8.703146270875725577e-09,5.568540642681047091e-10,5.566715217164558647e-10,5.570366068197535535e-10,6.398307542217684593e-04,2.097431732900106805e-07
1.357009913930929557e+01,9.893986528479135100e-09,5.568540642681047091e-10,5.566861463912466107e-10,5.570219821449628075e-10,5.628207221192020084e-04,1.697171068226480840e-07
1.414870239770701410e+01,1.124909117439671985e-08,5.568540642681047091e-10,5.566995993879227710e-10,5.570085291482866472e-10,4.950213805067139221e-04,1.373132084938088728e-07
1.475197620030574619e+01,1.279135340852139829e-08,5.568540642681047091e-10,5.567119745772626712e-10,5.569961539589467471e-10,4.353363138950981539e-04,1.110826089326789204e-07
1.538097245226216891e+01,1.454689826270269105e-08,5.568540642681047091e-10,5.567233583094440319e-10,5.569847702267653863e-10,3.827991742316647051e-04,8.985142832390379013e-08
1.603678790997129866e+01,1.654554601827859936e-08,5.568540642681047091e-10,5.567338300165685315e-10,5.569742985196408867e-10,3.365582880397063837e-04,7.266865137088721139e-08
1.672056609343819389e+01,1.882134330750552801e-08,5.568540642681047091e-10,5.567434627669137613e-10,5.569646657692956570e-10,2.958630822260590741e-04,5.876387215417375560e-08
1.743349928018942308e+01,2.141317199308027664e-08,5.568540642681047091e-10,5.567523237747810924e-10,5.569558047614283258e-10,2.600521139227865517e-04,4.751304167121848724e-08
1.817683058420119835e+01,2.436544746003208087e-08,5.568540642681047091e-10,5.567604748694955028e-10,5.569476536667139154e-10,2.285425150400546672e-04,3.841070383017981090e-08
1.895185612346910631e+01,2.772891973495544721e-08,5.568540642681047091e-10,5.567679729268314480e-10,5.569401556093779703e-10,2.008206845350540121e-04,3.104749196678094079e-08
1.975992727999878795e+01,3.156159290734390064e-08,5.568540642681047091e-10,5.567748702658740602e-10,5.569332582703353580e-10,1.764340810978157984e-04,2.509189015329099879e-08
2.060245305615838873e+01,3.592978071145584205e-08,5.568540642681047091e-10,5.567812150140849720e-10,5.569269135221244462e-10,1.549839863290425324e-04,2.027545188866300136e-08
2.148090253150142814e+01,4.090931888682255954e-08,5.568540642681047091e-10,5.567870514431212045e-10,5.569210770930882137e-10,1.361191238112409929e-04,1.638082148662143612e-08
2.239680742434389416e+01,4.658695813190113394e-08,5.568540642681047091e-10,5.567924202777481455e-10,5.569157082584612728e-10,1.195300329938246074e-04,1.323202733713506201e-08
2.335176476256207323e+01,5.306196516920103941e-08,5.568540642681047091e-10,5.567973589800048342e-10,5.569107695562045841e-10,1.049441087383496947e-04,1.068661665999721330e-08
2.434743966826827588e+01,6.044796373389253087e-08,5.568540642681047091e-10,5.568019020106017204e-10,5.569062265256076979e-10,9.212122788950092482e-05,8.629282821131104506e-09
2.538556826121965670e+01,6.887505227752019701e-08,5.568540642681047091e-10,5.568060810693770020e-10,5.569020474668324163e-10,8.084989351656276580e-05,6.966702331283414748e-09
2.646796068602304786e+01,7.849224095607756949e-08,5.568540642681047091e-10,5.568099253164879260e-10,5.568982032197214922e-10,7.094383565504490570e-05,5.623352203775832069e-09
2.759650426841395543e+01,8.947025717809473773e-08,5.568540642681047091e-10,5.568134615758816064e-10,5.568946669603278118e-10,6.223901459787481417e-05,4.538121773989618100e-09
2.877316680611326305e+01,1.020047767761780992e-07,5.568540642681047091e-10,5.568167145224632491e-10,5.568914140137461692e-10,5.459097915385430102e-05,3.661568293296522193e-09
3.000000000000000000e+01,1.163201469128162645e-07,5.568540642681047091e-10,5.568197068542706946e-10,5.568884216819387236e-10,4.787253790828166998e-05,2.953694157482031904e-09
