t,A,Bstaggered,Bcorrected
0.000000000000000000e+00,0.000000000000000000e+00,0.000000000000000000e+00,0.000000000000000000e+00
5.000000000000000104e-03,8.541745000000003037e-05,0.000000000000000000e+00,5.669532462561085269e-04
1.000000000000000021e-02,1.333913600000000144e-03,0.000000000000000000e+00,8.636804674590620873e-03
1.499999999999999944e-02,6.589848149999998246e-03,0.000000000000000000e+00,4.159890779334204230e-02
2.000000000000000042e-02,2.032046080000000574e-02,0.000000000000000000e+00,1.249885023391073963e-01
2.500000000000000139e-02,4.839453125000001132e-02,0.000000000000000000e+00,2.898704338471893016e-01
2.999999999999999889e-02,9.787288319999998265e-02,0.000000000000000000e+00,5.705244880837904153e-01
3.500000000000000333e-02,1.768104803500000766e-01,0.000000000000000000e+00,1.002418630573513880e+00
4.000000000000000083e-02,2.940698623999999928e-01,0.000000000000000000e+00,1.620456441455721652e+00
4.499999999999999833e-02,4.591456690499999826e-01,0.000000000000000000e+00,2.457485035903315129e+00
5.000000000000000278e-02,6.820000000000001616e-01,0.000000000000000000e+00,3.543049760337491971e+00
5.500000000000000028e-02,9.729083589499998297e-01,0.000000000000000000e+00,4.902381954672025088e+00
5.999999999999999778e-02,1.342315929599999791e+00,0.000000000000000000e+00,6.555606070820646281e+00
6.500000000000000222e-02,1.800703931650000422e+00,0.000000000000000000e+00,8.517152437701069445e+00
7.000000000000000666e-02,2.358465804800000676e+00,0.000000000000000000e+00,1.079536196296920458e+01
7.499999999999999722e-02,3.025792968749999368e+00,0.000000000000000000e+00,1.339226906171713338e+01
8.000000000000000167e-02,3.812569907200000330e+00,0.000000000000000000e+00,1.630354910236847132e+01
8.500000000000000611e-02,4.728278323850000575e+00,0.000000000000000000e+00,1.951861666000444373e+01
8.999999999999999667e-02,5.781910118399999021e+00,0.000000000000000000e+00,2.302086086735457116e+01
9.500000000000000111e-02,6.981888930550000261e+00,0.000000000000000000e+00,2.678800415368526444e+01
1.000000000000000056e-01,8.336000000000000298e+00,0.000000000000000000e+00,3.079257066181988023e+01
1.049999999999999961e-01,9.851328090450000019e+00,0.000000000000000000e+00,3.500245063352407726e+01
1.100000000000000006e-01,1.153420322559999889e+01,0.000000000000000000e+00,3.938154705348959794e+01
1.150000000000000050e-01,1.339015398514999866e+01,0.000000000000000000e+00,4.389049084215048424e+01
1.199999999999999956e-01,1.542386810879999537e+01,0.000000000000000000e+00,4.848741088756485595e+01
1.250000000000000000e-01,1.763916015625000000e+01,0.000000000000000000e+00,5.312874520659626398e+01
1.300000000000000044e-01,2.003894597120000043e+01,0.000000000000000000e+00,5.777007952562771464e+01
1.350000000000000089e-01,2.262522369735000893e+01,0.000000000000000000e+00,6.236699957104207215e+01
1.400000000000000133e-01,2.539906109440001458e+01,0.000000000000000000e+00,6.687594335970295845e+01
1.449999999999999900e-01,2.836058890204999727e+01,0.000000000000000000e+00,7.125503977966845071e+01
1.499999999999999944e-01,3.150900000000000034e+01,0.000000000000000000e+00,7.546491975137264774e+01
1.549999999999999989e-01,3.484255411195000107e+01,0.000000000000000000e+00,7.946948625950729195e+01
1.600000000000000033e-01,3.835858780160000947e+01,0.000000000000000000e+00,8.323662954583799944e+01
1.650000000000000078e-01,4.205352950865001560e+01,0.000000000000000000e+00,8.673887375318804516e+01
1.700000000000000122e-01,4.592291937280001690e+01,0.000000000000000000e+00,8.995394131082409217e+01
1.750000000000000167e-01,4.996143359374999449e+01,0.000000000000000000e+00,9.286522135147544077e+01
1.799999999999999933e-01,5.416291307519998099e+01,0.000000000000000000e+00,9.546212845022327542e+01
1.849999999999999978e-01,5.852039610085000731e+01,0.000000000000000000e+00,9.774033797549139990e+01
1.900000000000000022e-01,6.302615479039999968e+01,0.000000000000000000e+00,9.970188434237167030e+01
1.950000000000000067e-01,6.767173508355001843e+01,0.000000000000000000e+00,1.013551084585205047e+02
2.000000000000000111e-01,7.244799999999997908e+01,0.000000000000000000e+00,1.027144406528550320e+02
2.050000000000000155e-01,7.734517592345002868e+01,0.000000000000000000e+00,1.038000053772889544e+02
2.099999999999999922e-01,8.235290165760000036e+01,0.000000000000000000e+00,1.046370339717370399e+02
2.149999999999999967e-01,8.746028000215001441e+01,0.000000000000000000e+00,1.052550717826188702e+02
2.200000000000000011e-01,9.265593159680001634e+01,0.000000000000000000e+00,1.056869659251088223e+02
2.250000000000000056e-01,9.792805078125003604e+01,0.000000000000000000e+00,1.059676199793455709e+02
2.300000000000000100e-01,1.032644632192000387e+02,0.000000000000000000e+00,1.061325019108531649e+02
2.350000000000000144e-01,1.086526850343500286e+02,0.000000000000000000e+00,1.062158915053994974e+02
2.399999999999999911e-01,1.140799832064000014e+02,0.000000000000000000e+00,1.062488536085175639e+02
2.449999999999999956e-01,1.195334369750500230e+02,0.000000000000000000e+00,1.062569234599459662e+02
2.500000000000000000e-01,1.250000000000000000e+02,0.000000000000000000e+00,1.062574904131925280e+02
2.550000000000000044e-01,1.304665630249500055e+02,0.000000000000000000e+00,1.062569234599462646e+02
2.600000000000000089e-01,1.359200167936000696e+02,0.000000000000000000e+00,1.062488536085179476e+02
2.650000000000000133e-01,1.413473149656499572e+02,0.000000000000000000e+00,1.062158915053991848e+02
2.700000000000000178e-01,1.467355367808000040e+02,0.000000000000000000e+00,1.061325019108534207e+02
2.750000000000000222e-01,1.520719492187500634e+02,0.000000000000000000e+00,1.059676199793453435e+02
2.800000000000000266e-01,1.573440684032000547e+02,0.000000000000000000e+00,1.056869659251087370e+02
2.850000000000000311e-01,1.625397199978500282e+02,0.000000000000000000e+00,1.052550717826190265e+02
2.899999999999999800e-01,1.676470983423999712e+02,0.000000000000000000e+00,1.046370339717368125e+02
2.949999999999999845e-01,1.726548240765500566e+02,0.000000000000000000e+00,1.038000053772892386e+02
2.999999999999999889e-01,1.775520000000000209e+02,0.000000000000000000e+00,1.027144406528550320e+02
3.049999999999999933e-01,1.823282649164499674e+02,0.000000000000000000e+00,1.013551084585205047e+02
3.099999999999999978e-01,1.869738452096000572e+02,0.000000000000000000e+00,9.970188434237188346e+01
3.150000000000000022e-01,1.914796038991499927e+02,0.000000000000000000e+00,9.774033797549145675e+01
3.200000000000000067e-01,1.958370869248001327e+02,0.000000000000000000e+00,9.546212845022331805e+01
3.250000000000000111e-01,2.000385664062500553e+02,0.000000000000000000e+00,9.286522135147539814e+01
3.300000000000000155e-01,2.040770806271998765e+02,0.000000000000000000e+00,8.995394131082406375e+01
3.350000000000000200e-01,2.079464704913500270e+02,0.000000000000000000e+00,8.673887375318808779e+01
3.400000000000000244e-01,2.116414121984000758e+02,0.000000000000000000e+00,8.323662954583792839e+01
3.450000000000000289e-01,2.151574458880501197e+02,0.000000000000000000e+00,7.946948625950724931e+01
3.500000000000000333e-01,2.184910000000000991e+02,0.000000000000000000e+00,7.546491975137260511e+01
3.549999999999999822e-01,2.216394110979498464e+02,0.000000000000000000e+00,7.125503977966847913e+01
3.599999999999999867e-01,2.246009389055998611e+02,0.000000000000000000e+00,6.687594335970294424e+01
3.649999999999999911e-01,2.273747763026501332e+02,0.000000000000000000e+00,6.236699957104207215e+01
3.699999999999999956e-01,2.299610540287998504e+02,0.000000000000000000e+00,5.777007952562767912e+01
3.750000000000000000e-01,2.323608398437500000e+02,0.000000000000000000e+00,5.312874520659626398e+01
3.800000000000000044e-01,2.345761318911995090e+02,0.000000000000000000e+00,4.848741088756482043e+01
3.850000000000000089e-01,2.366098460148501488e+02,0.000000000000000000e+00,4.389049084215047003e+01
3.900000000000000133e-01,2.384657967743999905e+02,0.000000000000000000e+00,3.938154705348956952e+01
3.950000000000000178e-01,2.401486719095500177e+02,0.000000000000000000e+00,3.500245063352408437e+01
4.000000000000000222e-01,2.416639999999999873e+02,0.000000000000000000e+00,3.079257066181988023e+01
4.050000000000000266e-01,2.430181110694504127e+02,0.000000000000000000e+00,2.678800415368523957e+01
4.100000000000000311e-01,2.442180898815993828e+02,0.000000000000000000e+00,2.302086086735458892e+01
4.150000000000000355e-01,2.452717216761497525e+02,0.000000000000000000e+00,1.951861666000444728e+01
4.199999999999999845e-01,2.461874300928005539e+02,0.000000000000000000e+00,1.630354910236841803e+01
4.249999999999999889e-01,2.469742070312497333e+02,0.000000000000000000e+00,1.339226906171715115e+01
4.299999999999999933e-01,2.476415341951996254e+02,0.000000000000000000e+00,1.079536196296925255e+01
4.349999999999999978e-01,2.481992960683498382e+02,0.000000000000000000e+00,8.517152437701131618e+00
4.400000000000000022e-01,2.486576840704001938e+02,0.000000000000000000e+00,6.555606070820862108e+00
4.450000000000000067e-01,2.490270916410501911e+02,0.000000000000000000e+00,4.902381954672026865e+00
4.500000000000000111e-01,2.493180000000005521e+02,0.000000000000000000e+00,3.543049760337495968e+00
4.550000000000000155e-01,2.495408543309495997e+02,0.000000000000000000e+00,2.457485035903580695e+00
4.600000000000000200e-01,2.497059301375994096e+02,0.000000000000000000e+00,1.620456441455448982e+00
4.650000000000000244e-01,2.498231895196494179e+02,0.000000000000000000e+00,1.002418630573623348e+00
4.700000000000000289e-01,2.499021271168007274e+02,0.000000000000000000e+00,5.705244880841051636e-01
4.750000000000000333e-01,2.499516054687499036e+02,0.000000000000000000e+00,2.898704338473847564e-01
4.799999999999999822e-01,2.499796795391991111e+02,0.000000000000000000e+00,1.249885023393991906e-01
4.849999999999999867e-01,2.499934101518496732e+02,0.000000000000000000e+00,4.159890779309940306e-02
4.899999999999999911e-01,2.499986660863992824e+02,0.000000000000000000e+00,8.636804674967954454e-03
4.949999999999999956e-01,2.499999145825506730e+02,0.000000000000000000e+00,5.669532465600511618e-04
5.000000000000000000e-01,2.500000000000000000e+02,0.000000000000000000e+00,0.000000000000000000e+00
5.050000000000000044e-01,2.500000000000000000e+02,8.541745000000031498e-05,8.541745000000031498e-05
5.100000000000000089e-01,2.500000000000000000e+02,1.333913600000004697e-03,1.333913600000004697e-03
5.150000000000000133e-01,2.500000000000000000e+02,6.589848150000023400e-03,6.589848150000023400e-03
5.200000000000000178e-01,2.500000000000000000e+02,2.032046080000007166e-02,2.032046080000007166e-02
5.250000000000000222e-01,2.500000000000000000e+02,4.839453125000016398e-02,4.839453125000016398e-02
5.300000000000000266e-01,2.500000000000000000e+02,9.787288320000034347e-02,9.787288320000034347e-02
5.350000000000000311e-01,2.500000000000000000e+02,1.768104803500006039e-01,1.768104803500006039e-01
5.400000000000000355e-01,2.500000000000000000e+02,2.940698624000009920e-01,2.940698624000009920e-01
5.450000000000000400e-01,2.500000000000000000e+02,4.591456690500015370e-01,4.591456690500015370e-01
5.500000000000000444e-01,2.500000000000000000e+02,6.820000000000022711e-01,6.820000000000022711e-01
5.550000000000000488e-01,2.500000000000000000e+02,9.729083589500033824e-01,9.729083589500033824e-01
5.600000000000000533e-01,2.500000000000000000e+02,1.342315929600004454e+00,1.342315929600004454e+00
5.650000000000000577e-01,2.500000000000000000e+02,1.800703931650005751e+00,1.800703931650005751e+00
5.700000000000000622e-01,2.500000000000000000e+02,2.358465804800007781e+00,2.358465804800007781e+00
5.750000000000000666e-01,2.500000000000000000e+02,3.025792968750009582e+00,3.025792968750009582e+00
5.799999999999999600e-01,2.500000000000000000e+02,3.812569907199992780e+00,3.812569907199992780e+00
5.849999999999999645e-01,2.500000000000000000e+02,4.728278323849993470e+00,4.728278323849993470e+00
5.899999999999999689e-01,2.500000000000000000e+02,5.781910118399994580e+00,5.781910118399994580e+00
5.949999999999999734e-01,2.500000000000000000e+02,6.981888930549994043e+00,6.981888930549994043e+00
5.999999999999999778e-01,2.500000000000000000e+02,8.335999999999996746e+00,8.335999999999996746e+00
6.049999999999999822e-01,2.500000000000000000e+02,9.851328090449992914e+00,9.851328090449992914e+00
6.099999999999999867e-01,2.500000000000000000e+02,1.153420322559999533e+01,1.153420322559999533e+01
6.149999999999999911e-01,2.500000000000000000e+02,1.339015398514999688e+01,1.339015398514999688e+01
6.199999999999999956e-01,2.500000000000000000e+02,1.542386810879999537e+01,1.542386810879999537e+01
6.250000000000000000e-01,2.500000000000000000e+02,1.763916015625000000e+01,1.763916015625000000e+01
6.300000000000000044e-01,2.500000000000000000e+02,2.003894597120000043e+01,2.003894597120000043e+01
6.350000000000000089e-01,2.500000000000000000e+02,2.262522369735000893e+01,2.262522369735000893e+01
6.400000000000000133e-01,2.500000000000000000e+02,2.539906109440001458e+01,2.539906109440001458e+01
6.450000000000000178e-01,2.500000000000000000e+02,2.836058890205001148e+01,2.836058890205001148e+01
6.500000000000000222e-01,2.500000000000000000e+02,3.150900000000001810e+01,3.150900000000001810e+01
6.550000000000000266e-01,2.500000000000000000e+02,3.484255411195001528e+01,3.484255411195001528e+01
6.600000000000000311e-01,2.500000000000000000e+02,3.835858780160003079e+01,3.835858780160003079e+01
6.650000000000000355e-01,2.500000000000000000e+02,4.205352950865002981e+01,4.205352950865002981e+01
6.700000000000000400e-01,2.500000000000000000e+02,4.592291937280003111e+01,4.592291937280003111e+01
6.750000000000000444e-01,2.500000000000000000e+02,4.996143359375003001e+01,4.996143359375003001e+01
6.800000000000000488e-01,2.500000000000000000e+02,5.416291307520003784e+01,5.416291307520003784e+01
6.850000000000000533e-01,2.500000000000000000e+02,5.852039610085004995e+01,5.852039610085004995e+01
6.900000000000000577e-01,2.500000000000000000e+02,6.302615479040004942e+01,6.302615479040004942e+01
6.950000000000000622e-01,2.500000000000000000e+02,6.767173508355007527e+01,6.767173508355007527e+01
7.000000000000000666e-01,2.500000000000000000e+02,7.244800000000009277e+01,7.244800000000009277e+01
7.049999999999999600e-01,2.500000000000000000e+02,7.734517592344995762e+01,7.734517592344995762e+01
7.099999999999999645e-01,2.500000000000000000e+02,8.235290165759997194e+01,8.235290165759997194e+01
7.149999999999999689e-01,2.500000000000000000e+02,8.746028000214997178e+01,8.746028000214997178e+01
7.199999999999999734e-01,2.500000000000000000e+02,9.265593159679995949e+01,9.265593159679995949e+01
7.249999999999999778e-01,2.500000000000000000e+02,9.792805078124999341e+01,9.792805078124999341e+01
7.299999999999999822e-01,2.500000000000000000e+02,1.032644632191999960e+02,1.032644632191999960e+02
7.349999999999999867e-01,2.500000000000000000e+02,1.086526850343499859e+02,1.086526850343499859e+02
7.399999999999999911e-01,2.500000000000000000e+02,1.140799832064000014e+02,1.140799832064000014e+02
7.449999999999999956e-01,2.500000000000000000e+02,1.195334369750500230e+02,1.195334369750500230e+02
7.500000000000000000e-01,2.500000000000000000e+02,1.250000000000000000e+02,1.250000000000000000e+02
7.550000000000000044e-01,2.500000000000000000e+02,1.304665630249500055e+02,1.304665630249500055e+02
7.600000000000000089e-01,2.500000000000000000e+02,1.359200167936000696e+02,1.359200167936000696e+02
7.650000000000000133e-01,2.500000000000000000e+02,1.413473149656499572e+02,1.413473149656499572e+02
7.700000000000000178e-01,2.500000000000000000e+02,1.467355367808000040e+02,1.467355367808000040e+02
7.750000000000000222e-01,2.500000000000000000e+02,1.520719492187500634e+02,1.520719492187500634e+02
7.800000000000000266e-01,2.500000000000000000e+02,1.573440684032000547e+02,1.573440684032000547e+02
7.850000000000000311e-01,2.500000000000000000e+02,1.625397199978500282e+02,1.625397199978500282e+02
7.900000000000000355e-01,2.500000000000000000e+02,1.676470983423999996e+02,1.676470983423999996e+02
7.950000000000000400e-01,2.500000000000000000e+02,1.726548240765501134e+02,1.726548240765501134e+02
8.000000000000000444e-01,2.500000000000000000e+02,1.775520000000000209e+02,1.775520000000000209e+02
8.050000000000000488e-01,2.500000000000000000e+02,1.823282649164499674e+02,1.823282649164499674e+02
8.100000000000000533e-01,2.500000000000000000e+02,1.869738452096000572e+02,1.869738452096000572e+02
8.150000000000000577e-01,2.500000000000000000e+02,1.914796038991501632e+02,1.914796038991501632e+02
8.200000000000000622e-01,2.500000000000000000e+02,1.958370869247999906e+02,1.958370869247999906e+02
8.250000000000000666e-01,2.500000000000000000e+02,2.000385664062500553e+02,2.000385664062500553e+02
8.300000000000000711e-01,2.500000000000000000e+02,2.040770806271999618e+02,2.040770806271999618e+02
8.349999999999999645e-01,2.500000000000000000e+02,2.079464704913500270e+02,2.079464704913500270e+02
8.399999999999999689e-01,2.500000000000000000e+02,2.116414121984001042e+02,2.116414121984001042e+02
8.449999999999999734e-01,2.500000000000000000e+02,2.151574458880499492e+02,2.151574458880499492e+02
8.499999999999999778e-01,2.500000000000000000e+02,2.184909999999999570e+02,2.184909999999999570e+02
8.549999999999999822e-01,2.500000000000000000e+02,2.216394110979498464e+02,2.216394110979498464e+02
8.599999999999999867e-01,2.500000000000000000e+02,2.246009389055998611e+02,2.246009389055998611e+02
8.649999999999999911e-01,2.500000000000000000e+02,2.273747763026501332e+02,2.273747763026501332e+02
8.699999999999999956e-01,2.500000000000000000e+02,2.299610540287998504e+02,2.299610540287998504e+02
8.750000000000000000e-01,2.500000000000000000e+02,2.323608398437500000e+02,2.323608398437500000e+02
8.800000000000000044e-01,2.500000000000000000e+02,2.345761318911995090e+02,2.345761318911995090e+02
8.850000000000000089e-01,2.500000000000000000e+02,2.366098460148501488e+02,2.366098460148501488e+02
8.900000000000000133e-01,2.500000000000000000e+02,2.384657967743999905e+02,2.384657967743999905e+02
8.950000000000000178e-01,2.500000000000000000e+02,2.401486719095500177e+02,2.401486719095500177e+02
9.000000000000000222e-01,2.500000000000000000e+02,2.416639999999999873e+02,2.416639999999999873e+02
9.050000000000000266e-01,2.500000000000000000e+02,2.430181110694504127e+02,2.430181110694504127e+02
9.100000000000000311e-01,2.500000000000000000e+02,2.442180898815993828e+02,2.442180898815993828e+02
9.150000000000000355e-01,2.500000000000000000e+02,2.452717216761497525e+02,2.452717216761497525e+02
9.200000000000000400e-01,2.500000000000000000e+02,2.461874300928006676e+02,2.461874300928006676e+02
9.250000000000000444e-01,2.500000000000000000e+02,2.469742070312498470e+02,2.469742070312498470e+02
9.300000000000000488e-01,2.500000000000000000e+02,2.476415341951997391e+02,2.476415341951997391e+02
9.350000000000000533e-01,2.500000000000000000e+02,2.481992960683500087e+02,2.481992960683500087e+02
9.400000000000000577e-01,2.500000000000000000e+02,2.486576840703992843e+02,2.486576840703992843e+02
9.450000000000000622e-01,2.500000000000000000e+02,2.490270916410503617e+02,2.490270916410503617e+02
9.500000000000000666e-01,2.500000000000000000e+02,2.493179999999995573e+02,2.493179999999995573e+02
9.550000000000000711e-01,2.500000000000000000e+02,2.495408543309498270e+02,2.495408543309498270e+02
9.599999999999999645e-01,2.500000000000000000e+02,2.497059301375993527e+02,2.497059301375993527e+02
9.649999999999999689e-01,2.500000000000000000e+02,2.498231895196507253e+02,2.498231895196507253e+02
9.699999999999999734e-01,2.500000000000000000e+02,2.499021271168005853e+02,2.499021271168005853e+02
9.749999999999999778e-01,2.500000000000000000e+02,2.499516054687498468e+02,2.499516054687498468e+02
9.799999999999999822e-01,2.500000000000000000e+02,2.499796795391991111e+02,2.499796795391991111e+02
9.849999999999999867e-01,2.500000000000000000e+02,2.499934101518496732e+02,2.499934101518496732e+02
9.899999999999999911e-01,2.500000000000000000e+02,2.499986660863992824e+02,2.499986660863992824e+02
9.949999999999999956e-01,2.500000000000000000e+02,2.499999145825506730e+02,2.499999145825506730e+02
1.000000000000000000e+00,2.500000000000000000e+02,2.500000000000000000e+02,2.500000000000000000e+02
1.005000000000000115e+00,2.500000000000000000e+02,2.500000000000000000e+02,2.500000000000000000e+02
1.010000000000000009e+00,2.500000000000000000e+02,2.500000000000000000e+02,2.500000000000000000e+02
1.015000000000000124e+00,2.500000000000000000e+02,2.500000000000000000e+02,2.500000000000000000e+02
1.020000000000000018e+00,2.500000000000000000e+02,2.500000000000000000e+02,2.500000000000000000e+02
1.024999999999999911e+00,2.500000000000000000e+02,2.500000000000000000e+02,2.500000000000000000e+02
1.030000000000000027e+00,2.500000000000000000e+02,2.500000000000000000e+02,2.500000000000000000e+02
1.034999999999999920e+00,2.500000000000000000e+02,2.500000000000000000e+02,2.500000000000000000e+02
1.040000000000000036e+00,2.500000000000000000e+02,2.500000000000000000e+02,2.500000000000000000e+02
1.044999999999999929e+00,2.500000000000000000e+02,2.500000000000000000e+02,2.500000000000000000e+02
1.050000000000000044e+00,2.500000000000000000e+02,2.500000000000000000e+02,2.500000000000000000e+02
1.054999999999999938e+00,2.500000000000000000e+02,2.500000000000000000e+02,2.500000000000000000e+02
1.060000000000000053e+00,2.500000000000000000e+02,2.500000000000000000e+02,2.500000000000000000e+02
1.064999999999999947e+00,2.500000000000000000e+02,2.500000000000000000e+02,2.500000000000000000e+02
1.070000000000000062e+00,2.500000000000000000e+02,2.500000000000000000e+02,2.500000000000000000e+02
1.074999999999999956e+00,2.500000000000000000e+02,2.500000000000000000e+02,2.500000000000000000e+02
1.080000000000000071e+00,2.500000000000000000e+02,2.500000000000000000e+02,2.500000000000000000e+02
1.084999999999999964e+00,2.500000000000000000e+02,2.500000000000000000e+02,2.500000000000000000e+02
1.090000000000000080e+00,2.500000000000000000e+02,2.500000000000000000e+02,2.500000000000000000e+02
1.094999999999999973e+00,2.500000000000000000e+02,2.500000000000000000e+02,2.500000000000000000e+02
1.100000000000000089e+00,2.500000000000000000e+02,2.500000000000000000e+02,2.500000000000000000e+02
1.104999999999999982e+00,2.500000000000000000e+02,2.500000000000000000e+02,2.500000000000000000e+02
1.110000000000000098e+00,2.500000000000000000e+02,2.500000000000000000e+02,2.500000000000000000e+02
1.114999999999999991e+00,2.500000000000000000e+02,2.500000000000000000e+02,2.500000000000000000e+02
1.120000000000000107e+00,2.500000000000000000e+02,2.500000000000000000e+02,2.500000000000000000e+02
1.125000000000000000e+00,2.500000000000000000e+02,2.500000000000000000e+02,2.500000000000000000e+02
1.130000000000000115e+00,2.500000000000000000e+02,2.500000000000000000e+02,2.500000000000000000e+02
1.135000000000000009e+00,2.500000000000000000e+02,2.500000000000000000e+02,2.500000000000000000e+02
1.140000000000000124e+00,2.500000000000000000e+02,2.500000000000000000e+02,2.500000000000000000e+02
1.145000000000000018e+00,2.500000000000000000e+02,2.500000000000000000e+02,2.500000000000000000e+02
1.150000000000000133e+00,2.500000000000000000e+02,2.500000000000000000e+02,2.500000000000000000e+02
1.155000000000000027e+00,2.500000000000000000e+02,2.500000000000000000e+02,2.500000000000000000e+02
1.159999999999999920e+00,2.500000000000000000e+02,2.500000000000000000e+02,2.500000000000000000e+02
1.165000000000000036e+00,2.500000000000000000e+02,2.500000000000000000e+02,2.500000000000000000e+02
1.169999999999999929e+00,2.500000000000000000e+02,2.500000000000000000e+02,2.500000000000000000e+02
1.175000000000000044e+00,2.500000000000000000e+02,2.500000000000000000e+02,2.500000000000000000e+02
1.179999999999999938e+00,2.500000000000000000e+02,2.500000000000000000e+02,2.500000000000000000e+02
1.185000000000000053e+00,2.500000000000000000e+02,2.500000000000000000e+02,2.500000000000000000e+02
1.189999999999999947e+00,2.500000000000000000e+02,2.500000000000000000e+02,2.500000000000000000e+02
1.195000000000000062e+00,2.500000000000000000e+02,2.500000000000000000e+02,2.500000000000000000e+02
1.199999999999999956e+00,2.500000000000000000e+02,2.500000000000000000e+02,2.500000000000000000e+02
1.205000000000000071e+00,2.500000000000000000e+02,2.500000000000000000e+02,2.500000000000000000e+02
1.209999999999999964e+00,2.500000000000000000e+02,2.500000000000000000e+02,2.500000000000000000e+02
1.215000000000000080e+00,2.500000000000000000e+02,2.500000000000000000e+02,2.500000000000000000e+02
1.219999999999999973e+00,2.500000000000000000e+02,2.500000000000000000e+02,2.500000000000000000e+02
1.225000000000000089e+00,2.500000000000000000e+02,2.500000000000000000e+02,2.500000000000000000e+02
1.229999999999999982e+00,2.500000000000000000e+02,2.500000000000000000e+02,2.500000000000000000e+02
1.235000000000000098e+00,2.500000000000000000e+02,2.500000000000000000e+02,2.500000000000000000e+02
1.239999999999999991e+00,2.500000000000000000e+02,2.500000000000000000e+02,2.500000000000000000e+02
1.245000000000000107e+00,2.500000000000000000e+02,2.500000000000000000e+02,2.500000000000000000e+02
1.250000000000000000e+00,2.500000000000000000e+02,2.500000000000000000e+02,2.500000000000000000e+02
1.255000000000000115e+00,2.500000000000000000e+02,2.500000000000000000e+02,2.500000000000000000e+02
1.260000000000000009e+00,2.500000000000000000e+02,2.500000000000000000e+02,2.500000000000000000e+02
1.265000000000000124e+00,2.500000000000000000e+02,2.500000000000000000e+02,2.500000000000000000e+02
1.270000000000000018e+00,2.500000000000000000e+02,2.500000000000000000e+02,2.500000000000000000e+02
1.275000000000000133e+00,2.500000000000000000e+02,2.500000000000000000e+02,2.500000000000000000e+02
1.280000000000000027e+00,2.500000000000000000e+02,2.500000000000000000e+02,2.500000000000000000e+02
1.284999999999999920e+00,2.500000000000000000e+02,2.500000000000000000e+02,2.500000000000000000e+02
1.290000000000000036e+00,2.500000000000000000e+02,2.500000000000000000e+02,2.500000000000000000e+02
1.294999999999999929e+00,2.500000000000000000e+02,2.500000000000000000e+02,2.500000000000000000e+02
1.300000000000000044e+00,2.500000000000000000e+02,2.500000000000000000e+02,2.500000000000000000e+02
1.304999999999999938e+00,2.500000000000000000e+02,2.500000000000000000e+02,2.500000000000000000e+02
1.310000000000000053e+00,2.500000000000000000e+02,2.500000000000000000e+02,2.500000000000000000e+02
1.314999999999999947e+00,2.500000000000000000e+02,2.500000000000000000e+02,2.500000000000000000e+02
1.320000000000000062e+00,2.500000000000000000e+02,2.500000000000000000e+02,2.500000000000000000e+02
1.324999999999999956e+00,2.500000000000000000e+02,2.500000000000000000e+02,2.500000000000000000e+02
1.330000000000000071e+00,2.500000000000000000e+02,2.500000000000000000e+02,2.500000000000000000e+02
1.334999999999999964e+00,2.500000000000000000e+02,2.500000000000000000e+02,2.500000000000000000e+02
1.340000000000000080e+00,2.500000000000000000e+02,2.500000000000000000e+02,2.500000000000000000e+02
1.344999999999999973e+00,2.500000000000000000e+02,2.500000000000000000e+02,2.500000000000000000e+02
1.350000000000000089e+00,2.500000000000000000e+02,2.500000000000000000e+02,2.500000000000000000e+02
1.354999999999999982e+00,2.500000000000000000e+02,2.500000000000000000e+02,2.500000000000000000e+02
1.360000000000000098e+00,2.500000000000000000e+02,2.500000000000000000e+02,2.500000000000000000e+02
1.364999999999999991e+00,2.500000000000000000e+02,2.500000000000000000e+02,2.500000000000000000e+02
1.370000000000000107e+00,2.500000000000000000e+02,2.500000000000000000e+02,2.500000000000000000e+02
1.375000000000000000e+00,2.500000000000000000e+02,2.500000000000000000e+02,2.500000000000000000e+02
1.380000000000000115e+00,2.500000000000000000e+02,2.500000000000000000e+02,2.500000000000000000e+02
1.385000000000000009e+00,2.500000000000000000e+02,2.500000000000000000e+02,2.500000000000000000e+02
1.390000000000000124e+00,2.500000000000000000e+02,2.500000000000000000e+02,2.500000000000000000e+02
1.395000000000000018e+00,2.500000000000000000e+02,2.500000000000000000e+02,2.500000000000000000e+02
1.400000000000000133e+00,2.500000000000000000e+02,2.500000000000000000e+02,2.500000000000000000e+02
1.405000000000000027e+00,2.500000000000000000e+02,2.500000000000000000e+02,2.500000000000000000e+02
1.409999999999999920e+00,2.500000000000000000e+02,2.500000000000000000e+02,2.500000000000000000e+02
1.415000000000000036e+00,2.500000000000000000e+02,2.500000000000000000e+02,2.500000000000000000e+02
1.419999999999999929e+00,2.500000000000000000e+02,2.500000000000000000e+02,2.500000000000000000e+02
1.425000000000000044e+00,2.500000000000000000e+02,2.500000000000000000e+02,2.500000000000000000e+02
1.429999999999999938e+00,2.500000000000000000e+02,2.500000000000000000e+02,2.500000000000000000e+02
1.435000000000000053e+00,2.500000000000000000e+02,2.500000000000000000e+02,2.500000000000000000e+02
1.439999999999999947e+00,2.500000000000000000e+02,2.500000000000000000e+02,2.500000000000000000e+02
1.445000000000000062e+00,2.500000000000000000e+02,2.500000000000000000e+02,2.500000000000000000e+02
1.449999999999999956e+00,2.500000000000000000e+02,2.500000000000000000e+02,2.500000000000000000e+02
1.455000000000000071e+00,2.500000000000000000e+02,2.500000000000000000e+02,2.500000000000000000e+02
1.459999999999999964e+00,2.500000000000000000e+02,2.500000000000000000e+02,2.500000000000000000e+02
1.465000000000000080e+00,2.500000000000000000e+02,2.500000000000000000e+02,2.500000000000000000e+02
1.469999999999999973e+00,2.500000000000000000e+02,2.500000000000000000e+02,2.500000000000000000e+02
1.475000000000000089e+00,2.500000000000000000e+02,2.500000000000000000e+02,2.500000000000000000e+02
1.479999999999999982e+00,2.500000000000000000e+02,2.500000000000000000e+02,2.500000000000000000e+02
1.485000000000000098e+00,2.500000000000000000e+02,2.500000000000000000e+02,2.500000000000000000e+02
1.489999999999999991e+00,2.500000000000000000e+02,2.500000000000000000e+02,2.500000000000000000e+02
1.495000000000000107e+00,2.500000000000000000e+02,2.500000000000000000e+02,2.500000000000000000e+02
1.500000000000000000e+00,2.500000000000000000e+02,2.500000000000000000e+02,2.500000000000000000e+02
1.505000000000000115e+00,2.500000000000000000e+02,2.500000000000000000e+02,2.500000000000000000e+02
1.510000000000000009e+00,2.500000000000000000e+02,2.500000000000000000e+02,2.500000000000000000e+02
1.515000000000000124e+00,2.500000000000000000e+02,2.500000000000000000e+02,2.500000000000000000e+02
1.520000000000000018e+00,2.500000000000000000e+02,2.500000000000000000e+02,2.500000000000000000e+02
1.525000000000000133e+00,2.500000000000000000e+02,2.500000000000000000e+02,2.500000000000000000e+02
1.530000000000000027e+00,2.500000000000000000e+02,2.500000000000000000e+02,2.500000000000000000e+02
1.535000000000000142e+00,2.500000000000000000e+02,2.500000000000000000e+02,2.500000000000000000e+02
1.540000000000000036e+00,2.500000000000000000e+02,2.500000000000000000e+02,2.500000000000000000e+02
1.544999999999999929e+00,2.500000000000000000e+02,2.500000000000000000e+02,2.500000000000000000e+02
1.550000000000000044e+00,2.500000000000000000e+02,2.500000000000000000e+02,2.500000000000000000e+02
1.554999999999999938e+00,2.500000000000000000e+02,2.500000000000000000e+02,2.500000000000000000e+02
1.560000000000000053e+00,2.500000000000000000e+02,2.500000000000000000e+02,2.500000000000000000e+02
1.564999999999999947e+00,2.500000000000000000e+02,2.500000000000000000e+02,2.500000000000000000e+02
1.570000000000000062e+00,2.500000000000000000e+02,2.500000000000000000e+02,2.500000000000000000e+02
1.574999999999999956e+00,2.500000000000000000e+02,2.500000000000000000e+02,2.500000000000000000e+02
1.580000000000000071e+00,2.500000000000000000e+02,2.500000000000000000e+02,2.500000000000000000e+02
1.584999999999999964e+00,2.500000000000000000e+02,2.500000000000000000e+02,2.500000000000000000e+02
1.590000000000000080e+00,2.500000000000000000e+02,2.500000000000000000e+02,2.500000000000000000e+02
1.594999999999999973e+00,2.500000000000000000e+02,2.500000000000000000e+02,2.500000000000000000e+02
1.600000000000000089e+00,2.500000000000000000e+02,2.500000000000000000e+02,2.500000000000000000e+02
1.604999999999999982e+00,2.500000000000000000e+02,2.500000000000000000e+02,2.500000000000000000e+02
1.610000000000000098e+00,2.500000000000000000e+02,2.500000000000000000e+02,2.500000000000000000e+02
1.614999999999999991e+00,2.500000000000000000e+02,2.500000000000000000e+02,2.500000000000000000e+02
1.620000000000000107e+00,2.500000000000000000e+02,2.500000000000000000e+02,2.500000000000000000e+02
1.625000000000000000e+00,2.500000000000000000e+02,2.500000000000000000e+02,2.500000000000000000e+02
1.630000000000000115e+00,2.500000000000000000e+02,2.500000000000000000e+02,2.500000000000000000e+02
1.635000000000000009e+00,2.500000000000000000e+02,2.500000000000000000e+02,2.500000000000000000e+02
1.640000000000000124e+00,2.500000000000000000e+02,2.500000000000000000e+02,2.500000000000000000e+02
1.645000000000000018e+00,2.500000000000000000e+02,2.500000000000000000e+02,2.500000000000000000e+02
1.650000000000000133e+00,2.500000000000000000e+02,2.500000000000000000e+02,2.500000000000000000e+02
1.655000000000000027e+00,2.500000000000000000e+02,2.500000000000000000e+02,2.500000000000000000e+02
1.660000000000000142e+00,2.500000000000000000e+02,2.500000000000000000e+02,2.500000000000000000e+02
1.665000000000000036e+00,2.500000000000000000e+02,2.500000000000000000e+02,2.500000000000000000e+02
1.669999999999999929e+00,2.500000000000000000e+02,2.500000000000000000e+02,2.500000000000000000e+02
1.675000000000000044e+00,2.500000000000000000e+02,2.500000000000000000e+02,2.500000000000000000e+02
1.679999999999999938e+00,2.500000000000000000e+02,2.500000000000000000e+02,2.500000000000000000e+02
1.685000000000000053e+00,2.500000000000000000e+02,2.500000000000000000e+02,2.500000000000000000e+02
1.689999999999999947e+00,2.500000000000000000e+02,2.500000000000000000e+02,2.500000000000000000e+02
1.695000000000000062e+00,2.500000000000000000e+02,2.500000000000000000e+02,2.500000000000000000e+02
1.699999999999999956e+00,2.500000000000000000e+02,2.500000000000000000e+02,2.500000000000000000e+02
1.705000000000000071e+00,2.500000000000000000e+02,2.500000000000000000e+02,2.500000000000000000e+02
1.709999999999999964e+00,2.500000000000000000e+02,2.500000000000000000e+02,2.500000000000000000e+02
1.715000000000000080e+00,2.500000000000000000e+02,2.500000000000000000e+02,2.500000000000000000e+02
1.719999999999999973e+00,2.500000000000000000e+02,2.500000000000000000e+02,2.500000000000000000e+02
1.725000000000000089e+00,2.500000000000000000e+02,2.500000000000000000e+02,2.500000000000000000e+02
1.729999999999999982e+00,2.500000000000000000e+02,2.500000000000000000e+02,2.500000000000000000e+02
1.735000000000000098e+00,2.500000000000000000e+02,2.500000000000000000e+02,2.500000000000000000e+02
1.739999999999999991e+00,2.500000000000000000e+02,2.500000000000000000e+02,2.500000000000000000e+02
1.745000000000000107e+00,2.500000000000000000e+02,2.500000000000000000e+02,2.500000000000000000e+02
1.750000000000000000e+00,2.500000000000000000e+02,2.500000000000000000e+02,2.500000000000000000e+02
1.755000000000000115e+00,2.500000000000000000e+02,2.500000000000000000e+02,2.500000000000000000e+02
1.760000000000000009e+00,2.500000000000000000e+02,2.500000000000000000e+02,2.500000000000000000e+02
1.765000000000000124e+00,2.500000000000000000e+02,2.500000000000000000e+02,2.500000000000000000e+02
1.770000000000000018e+00,2.500000000000000000e+02,2.500000000000000000e+02,2.500000000000000000e+02
1.775000000000000133e+00,2.500000000000000000e+02,2.500000000000000000e+02,2.500000000000000000e+02
1.780000000000000027e+00,2.500000000000000000e+02,2.500000000000000000e+02,2.500000000000000000e+02
1.785000000000000142e+00,2.500000000000000000e+02,2.500000000000000000e+02,2.500000000000000000e+02
1.790000000000000036e+00,2.500000000000000000e+02,2.500000000000000000e+02,2.500000000000000000e+02
1.794999999999999929e+00,2.500000000000000000e+02,2.500000000000000000e+02,2.500000000000000000e+02
1.800000000000000044e+00,2.500000000000000000e+02,2.500000000000000000e+02,2.500000000000000000e+02
1.804999999999999938e+00,2.500000000000000000e+02,2.500000000000000000e+02,2.500000000000000000e+02
1.810000000000000053e+00,2.500000000000000000e+02,2.500000000000000000e+02,2.500000000000000000e+02
1.814999999999999947e+00,2.500000000000000000e+02,2.500000000000000000e+02,2.500000000000000000e+02
1.820000000000000062e+00,2.500000000000000000e+02,2.500000000000000000e+02,2.500000000000000000e+02
1.824999999999999956e+00,2.500000000000000000e+02,2.500000000000000000e+02,2.500000000000000000e+02
1.830000000000000071e+00,2.500000000000000000e+02,2.500000000000000000e+02,2.500000000000000000e+02
1.834999999999999964e+00,2.500000000000000000e+02,2.500000000000000000e+02,2.500000000000000000e+02
1.840000000000000080e+00,2.500000000000000000e+02,2.500000000000000000e+02,2.500000000000000000e+02
1.844999999999999973e+00,2.500000000000000000e+02,2.500000000000000000e+02,2.500000000000000000e+02
1.850000000000000089e+00,2.500000000000000000e+02,2.500000000000000000e+02,2.500000000000000000e+02
1.854999999999999982e+00,2.500000000000000000e+02,2.500000000000000000e+02,2.500000000000000000e+02
1.860000000000000098e+00,2.500000000000000000e+02,2.500000000000000000e+02,2.500000000000000000e+02
1.864999999999999991e+00,2.500000000000000000e+02,2.500000000000000000e+02,2.500000000000000000e+02
1.870000000000000107e+00,2.500000000000000000e+02,2.500000000000000000e+02,2.500000000000000000e+02
1.875000000000000000e+00,2.500000000000000000e+02,2.500000000000000000e+02,2.500000000000000000e+02
1.880000000000000115e+00,2.500000000000000000e+02,2.500000000000000000e+02,2.500000000000000000e+02
1.885000000000000009e+00,2.500000000000000000e+02,2.500000000000000000e+02,2.500000000000000000e+02
1.890000000000000124e+00,2.500000000000000000e+02,2.500000000000000000e+02,2.500000000000000000e+02
1.895000000000000018e+00,2.500000000000000000e+02,2.500000000000000000e+02,2.500000000000000000e+02
1.900000000000000133e+00,2.500000000000000000e+02,2.500000000000000000e+02,2.500000000000000000e+02
1.905000000000000027e+00,2.500000000000000000e+02,2.500000000000000000e+02,2.500000000000000000e+02
1.910000000000000142e+00,2.500000000000000000e+02,2.500000000000000000e+02,2.500000000000000000e+02
1.915000000000000036e+00,2.500000000000000000e+02,2.500000000000000000e+02,2.500000000000000000e+02
1.919999999999999929e+00,2.500000000000000000e+02,2.500000000000000000e+02,2.500000000000000000e+02
1.925000000000000044e+00,2.500000000000000000e+02,2.500000000000000000e+02,2.500000000000000000e+02
1.929999999999999938e+00,2.500000000000000000e+02,2.500000000000000000e+02,2.500000000000000000e+02
1.935000000000000053e+00,2.500000000000000000e+02,2.500000000000000000e+02,2.500000000000000000e+02
1.939999999999999947e+00,2.500000000000000000e+02,2.500000000000000000e+02,2.500000000000000000e+02
1.945000000000000062e+00,2.500000000000000000e+02,2.500000000000000000e+02,2.500000000000000000e+02
1.949999999999999956e+00,2.500000000000000000e+02,2.500000000000000000e+02,2.500000000000000000e+02
1.955000000000000071e+00,2.500000000000000000e+02,2.500000000000000000e+02,2.500000000000000000e+02
1.959999999999999964e+00,2.500000000000000000e+02,2.500000000000000000e+02,2.500000000000000000e+02
1.965000000000000080e+00,2.500000000000000000e+02,2.500000000000000000e+02,2.500000000000000000e+02
1.969999999999999973e+00,2.500000000000000000e+02,2.500000000000000000e+02,2.500000000000000000e+02
1.975000000000000089e+00,2.500000000000000000e+02,2.500000000000000000e+02,2.500000000000000000e+02
1.979999999999999982e+00,2.500000000000000000e+02,2.500000000000000000e+02,2.500000000000000000e+02
1.985000000000000098e+00,2.500000000000000000e+02,2.500000000000000000e+02,2.500000000000000000e+02
1.989999999999999991e+00,2.500000000000000000e+02,2.500000000000000000e+02,2.500000000000000000e+02
1.995000000000000107e+00,2.500000000000000000e+02,2.500000000000000000e+02,2.500000000000000000e+02
2.000000000000000000e+00,2.500000000000000000e+02,2.500000000000000000e+02,2.500000000000000000e+02
2.004999999999999893e+00,2.500000000000000000e+02,2.500000000000000000e+02,2.500000000000000000e+02
2.010000000000000231e+00,2.500000000000000000e+02,2.500000000000000000e+02,2.500000000000000000e+02
2.015000000000000124e+00,2.500000000000000000e+02,2.500000000000000000e+02,2.500000000000000000e+02
2.020000000000000018e+00,2.500000000000000000e+02,2.500000000000000000e+02,2.500000000000000000e+02
2.024999999999999911e+00,2.500000000000000000e+02,2.500000000000000000e+02,2.500000000000000000e+02
2.030000000000000249e+00,2.500000000000000000e+02,2.500000000000000000e+02,2.500000000000000000e+02
2.035000000000000142e+00,2.500000000000000000e+02,2.500000000000000000e+02,2.500000000000000000e+02
2.040000000000000036e+00,2.500000000000000000e+02,2.500000000000000000e+02,2.500000000000000000e+02
2.044999999999999929e+00,2.500000000000000000e+02,2.500000000000000000e+02,2.500000000000000000e+02
2.049999999999999822e+00,2.500000000000000000e+02,2.500000000000000000e+02,2.500000000000000000e+02
2.055000000000000160e+00,2.500000000000000000e+02,2.500000000000000000e+02,2.500000000000000000e+02
2.060000000000000053e+00,2.500000000000000000e+02,2.500000000000000000e+02,2.500000000000000000e+02
2.064999999999999947e+00,2.500000000000000000e+02,2.500000000000000000e+02,2.500000000000000000e+02
2.069999999999999840e+00,2.500000000000000000e+02,2.500000000000000000e+02,2.500000000000000000e+02
2.075000000000000178e+00,2.500000000000000000e+02,2.500000000000000000e+02,2.500000000000000000e+02
2.080000000000000071e+00,2.500000000000000000e+02,2.500000000000000000e+02,2.500000000000000000e+02
2.084999999999999964e+00,2.500000000000000000e+02,2.500000000000000000e+02,2.500000000000000000e+02
2.089999999999999858e+00,2.500000000000000000e+02,2.500000000000000000e+02,2.500000000000000000e+02
2.095000000000000195e+00,2.500000000000000000e+02,2.500000000000000000e+02,2.500000000000000000e+02
2.100000000000000089e+00,2.500000000000000000e+02,2.500000000000000000e+02,2.500000000000000000e+02
2.104999999999999982e+00,2.500000000000000000e+02,2.500000000000000000e+02,2.500000000000000000e+02
2.109999999999999876e+00,2.500000000000000000e+02,2.500000000000000000e+02,2.500000000000000000e+02
2.115000000000000213e+00,2.500000000000000000e+02,2.500000000000000000e+02,2.500000000000000000e+02
2.120000000000000107e+00,2.500000000000000000e+02,2.500000000000000000e+02,2.500000000000000000e+02
2.125000000000000000e+00,2.500000000000000000e+02,2.500000000000000000e+02,2.500000000000000000e+02
2.129999999999999893e+00,2.500000000000000000e+02,2.500000000000000000e+02,2.500000000000000000e+02
2.135000000000000231e+00,2.500000000000000000e+02,2.500000000000000000e+02,2.500000000000000000e+02
2.140000000000000124e+00,2.500000000000000000e+02,2.500000000000000000e+02,2.500000000000000000e+02
2.145000000000000018e+00,2.500000000000000000e+02,2.500000000000000000e+02,2.500000000000000000e+02
2.149999999999999911e+00,2.500000000000000000e+02,2.500000000000000000e+02,2.500000000000000000e+02
2.155000000000000249e+00,2.500000000000000000e+02,2.500000000000000000e+02,2.500000000000000000e+02
2.160000000000000142e+00,2.500000000000000000e+02,2.500000000000000000e+02,2.500000000000000000e+02
2.165000000000000036e+00,2.500000000000000000e+02,2.500000000000000000e+02,2.500000000000000000e+02
2.169999999999999929e+00,2.500000000000000000e+02,2.500000000000000000e+02,2.500000000000000000e+02
2.175000000000000266e+00,2.500000000000000000e+02,2.500000000000000000e+02,2.500000000000000000e+02
2.180000000000000160e+00,2.500000000000000000e+02,2.500000000000000000e+02,2.500000000000000000e+02
2.185000000000000053e+00,2.500000000000000000e+02,2.500000000000000000e+02,2.500000000000000000e+02
2.189999999999999947e+00,2.500000000000000000e+02,2.500000000000000000e+02,2.500000000000000000e+02
2.194999999999999840e+00,2.500000000000000000e+02,2.500000000000000000e+02,2.500000000000000000e+02
2.200000000000000178e+00,2.500000000000000000e+02,2.500000000000000000e+02,2.500000000000000000e+02
2.205000000000000071e+00,2.500000000000000000e+02,2.500000000000000000e+02,2.500000000000000000e+02
2.209999999999999964e+00,2.500000000000000000e+02,2.500000000000000000e+02,2.500000000000000000e+02
2.214999999999999858e+00,2.500000000000000000e+02,2.500000000000000000e+02,2.500000000000000000e+02
2.220000000000000195e+00,2.500000000000000000e+02,2.500000000000000000e+02,2.500000000000000000e+02
2.225000000000000089e+00,2.500000000000000000e+02,2.500000000000000000e+02,2.500000000000000000e+02
2.229999999999999982e+00,2.500000000000000000e+02,2.500000000000000000e+02,2.500000000000000000e+02
2.234999999999999876e+00,2.500000000000000000e+02,2.500000000000000000e+02,2.500000000000000000e+02
2.240000000000000213e+00,2.500000000000000000e+02,2.500000000000000000e+02,2.500000000000000000e+02
2.245000000000000107e+00,2.500000000000000000e+02,2.500000000000000000e+02,2.500000000000000000e+02
2.250000000000000000e+00,2.500000000000000000e+02,2.500000000000000000e+02,2.500000000000000000e+02
2.254999999999999893e+00,2.500000000000000000e+02,2.500000000000000000e+02,2.500000000000000000e+02
2.260000000000000231e+00,2.500000000000000000e+02,2.500000000000000000e+02,2.500000000000000000e+02
2.265000000000000124e+00,2.500000000000000000e+02,2.500000000000000000e+02,2.500000000000000000e+02
2.270000000000000018e+00,2.500000000000000000e+02,2.500000000000000000e+02,2.500000000000000000e+02
2.274999999999999911e+00,2.500000000000000000e+02,2.500000000000000000e+02,2.500000000000000000e+02
2.280000000000000249e+00,2.500000000000000000e+02,2.500000000000000000e+02,2.500000000000000000e+02
2.285000000000000142e+00,2.500000000000000000e+02,2.500000000000000000e+02,2.500000000000000000e+02
2.290000000000000036e+00,2.500000000000000000e+02,2.500000000000000000e+02,2.500000000000000000e+02
2.294999999999999929e+00,2.500000000000000000e+02,2.500000000000000000e+02,2.500000000000000000e+02
2.300000000000000266e+00,2.500000000000000000e+02,2.500000000000000000e+02,2.500000000000000000e+02
2.305000000000000160e+00,2.500000000000000000e+02,2.500000000000000000e+02,2.500000000000000000e+02
2.310000000000000053e+00,2.500000000000000000e+02,2.500000000000000000e+02,2.500000000000000000e+02
2.314999999999999947e+00,2.500000000000000000e+02,2.500000000000000000e+02,2.500000000000000000e+02
2.319999999999999840e+00,2.500000000000000000e+02,2.500000000000000000e+02,2.500000000000000000e+02
2.325000000000000178e+00,2.500000000000000000e+02,2.500000000000000000e+02,2.500000000000000000e+02
2.330000000000000071e+00,2.500000000000000000e+02,2.500000000000000000e+02,2.500000000000000000e+02
2.334999999999999964e+00,2.500000000000000000e+02,2.500000000000000000e+02,2.500000000000000000e+02
2.339999999999999858e+00,2.500000000000000000e+02,2.500000000000000000e+02,2.500000000000000000e+02
2.345000000000000195e+00,2.500000000000000000e+02,2.500000000000000000e+02,2.500000000000000000e+02
2.350000000000000089e+00,2.500000000000000000e+02,2.500000000000000000e+02,2.500000000000000000e+02
2.354999999999999982e+00,2.500000000000000000e+02,2.500000000000000000e+02,2.500000000000000000e+02
2.359999999999999876e+00,2.500000000000000000e+02,2.500000000000000000e+02,2.500000000000000000e+02
2.365000000000000213e+00,2.500000000000000000e+02,2.500000000000000000e+02,2.500000000000000000e+02
2.370000000000000107e+00,2.500000000000000000e+02,2.500000000000000000e+02,2.500000000000000000e+02
2.375000000000000000e+00,2.500000000000000000e+02,2.500000000000000000e+02,2.500000000000000000e+02
2.379999999999999893e+00,2.500000000000000000e+02,2.500000000000000000e+02,2.500000000000000000e+02
2.385000000000000231e+00,2.500000000000000000e+02,2.500000000000000000e+02,2.500000000000000000e+02
2.390000000000000124e+00,2.500000000000000000e+02,2.500000000000000000e+02,2.500000000000000000e+02
2.395000000000000018e+00,2.500000000000000000e+02,2.500000000000000000e+02,2.500000000000000000e+02
2.399999999999999911e+00,2.500000000000000000e+02,2.500000000000000000e+02,2.500000000000000000e+02
2.405000000000000249e+00,2.500000000000000000e+02,2.500000000000000000e+02,2.500000000000000000e+02
2.410000000000000142e+00,2.500000000000000000e+02,2.500000000000000000e+02,2.500000000000000000e+02
2.415000000000000036e+00,2.500000000000000000e+02,2.500000000000000000e+02,2.500000000000000000e+02
2.419999999999999929e+00,2.500000000000000000e+02,2.500000000000000000e+02,2.500000000000000000e+02
2.425000000000000266e+00,2.500000000000000000e+02,2.500000000000000000e+02,2.500000000000000000e+02
2.430000000000000160e+00,2.500000000000000000e+02,2.500000000000000000e+02,2.500000000000000000e+02
2.435000000000000053e+00,2.500000000000000000e+02,2.500000000000000000e+02,2.500000000000000000e+02
2.439999999999999947e+00,2.500000000000000000e+02,2.500000000000000000e+02,2.500000000000000000e+02
2.444999999999999840e+00,2.500000000000000000e+02,2.500000000000000000e+02,2.500000000000000000e+02
2.450000000000000178e+00,2.500000000000000000e+02,2.500000000000000000e+02,2.500000000000000000e+02
2.455000000000000071e+00,2.500000000000000000e+02,2.500000000000000000e+02,2.500000000000000000e+02
2.459999999999999964e+00,2.500000000000000000e+02,2.500000000000000000e+02,2.500000000000000000e+02
2.464999999999999858e+00,2.500000000000000000e+02,2.500000000000000000e+02,2.500000000000000000e+02
2.470000000000000195e+00,2.500000000000000000e+02,2.500000000000000000e+02,2.500000000000000000e+02
2.475000000000000089e+00,2.500000000000000000e+02,2.500000000000000000e+02,2.500000000000000000e+02
2.479999999999999982e+00,2.500000000000000000e+02,2.500000000000000000e+02,2.500000000000000000e+02
2.484999999999999876e+00,2.500000000000000000e+02,2.500000000000000000e+02,2.500000000000000000e+02
2.490000000000000213e+00,2.500000000000000000e+02,2.500000000000000000e+02,2.500000000000000000e+02
2.495000000000000107e+00,2.500000000000000000e+02,2.500000000000000000e+02,2.500000000000000000e+02
2.500000000000000000e+00,2.500000000000000000e+02,2.500000000000000000e+02,2.500000000000000000e+02
2.504999999999999893e+00,2.500000000000000000e+02,2.500000000000000000e+02,2.500000000000000000e+02
2.510000000000000231e+00,2.500000000000000000e+02,2.500000000000000000e+02,2.500000000000000000e+02
2.515000000000000124e+00,2.500000000000000000e+02,2.500000000000000000e+02,2.500000000000000000e+02
2.520000000000000018e+00,2.500000000000000000e+02,2.500000000000000000e+02,2.500000000000000000e+02
2.524999999999999911e+00,2.500000000000000000e+02,2.500000000000000000e+02,2.500000000000000000e+02
2.530000000000000249e+00,2.500000000000000000e+02,2.500000000000000000e+02,2.500000000000000000e+02
2.535000000000000142e+00,2.500000000000000000e+02,2.500000000000000000e+02,2.500000000000000000e+02
2.540000000000000036e+00,2.500000000000000000e+02,2.500000000000000000e+02,2.500000000000000000e+02
2.544999999999999929e+00,2.500000000000000000e+02,2.500000000000000000e+02,2.500000000000000000e+02
2.550000000000000266e+00,2.500000000000000000e+02,2.500000000000000000e+02,2.500000000000000000e+02
2.555000000000000160e+00,2.500000000000000000e+02,2.500000000000000000e+02,2.500000000000000000e+02
2.560000000000000053e+00,2.500000000000000000e+02,2.500000000000000000e+02,2.500000000000000000e+02
2.564999999999999947e+00,2.500000000000000000e+02,2.500000000000000000e+02,2.500000000000000000e+02
2.569999999999999840e+00,2.500000000000000000e+02,2.500000000000000000e+02,2.500000000000000000e+02
2.575000000000000178e+00,2.500000000000000000e+02,2.500000000000000000e+02,2.500000000000000000e+02
2.580000000000000071e+00,2.500000000000000000e+02,2.500000000000000000e+02,2.500000000000000000e+02
2.584999999999999964e+00,2.500000000000000000e+02,2.500000000000000000e+02,2.500000000000000000e+02
2.589999999999999858e+00,2.500000000000000000e+02,2.500000000000000000e+02,2.500000000000000000e+02
2.595000000000000195e+00,2.500000000000000000e+02,2.500000000000000000e+02,2.500000000000000000e+02
2.600000000000000089e+00,2.500000000000000000e+02,2.500000000000000000e+02,2.500000000000000000e+02
2.604999999999999982e+00,2.500000000000000000e+02,2.500000000000000000e+02,2.500000000000000000e+02
2.609999999999999876e+00,2.500000000000000000e+02,2.500000000000000000e+02,2.500000000000000000e+02
2.615000000000000213e+00,2.500000000000000000e+02,2.500000000000000000e+02,2.500000000000000000e+02
2.620000000000000107e+00,2.500000000000000000e+02,2.500000000000000000e+02,2.500000000000000000e+02
2.625000000000000000e+00,2.500000000000000000e+02,2.500000000000000000e+02,2.500000000000000000e+02
2.629999999999999893e+00,2.500000000000000000e+02,2.500000000000000000e+02,2.500000000000000000e+02
2.635000000000000231e+00,2.500000000000000000e+02,2.500000000000000000e+02,2.500000000000000000e+02
2.640000000000000124e+00,2.500000000000000000e+02,2.500000000000000000e+02,2.500000000000000000e+02
2.645000000000000018e+00,2.500000000000000000e+02,2.500000000000000000e+02,2.500000000000000000e+02
2.649999999999999911e+00,2.500000000000000000e+02,2.500000000000000000e+02,2.500000000000000000e+02
2.655000000000000249e+00,2.500000000000000000e+02,2.500000000000000000e+02,2.500000000000000000e+02
2.660000000000000142e+00,2.500000000000000000e+02,2.500000000000000000e+02,2.500000000000000000e+02
2.665000000000000036e+00,2.500000000000000000e+02,2.500000000000000000e+02,2.500000000000000000e+02
2.669999999999999929e+00,2.500000000000000000e+02,2.500000000000000000e+02,2.500000000000000000e+02
2.675000000000000266e+00,2.500000000000000000e+02,2.500000000000000000e+02,2.500000000000000000e+02
2.680000000000000160e+00,2.500000000000000000e+02,2.500000000000000000e+02,2.500000000000000000e+02
2.685000000000000053e+00,2.500000000000000000e+02,2.500000000000000000e+02,2.500000000000000000e+02
2.689999999999999947e+00,2.500000000000000000e+02,2.500000000000000000e+02,2.500000000000000000e+02
2.694999999999999840e+00,2.500000000000000000e+02,2.500000000000000000e+02,2.500000000000000000e+02
2.700000000000000178e+00,2.500000000000000000e+02,2.500000000000000000e+02,2.500000000000000000e+02
2.705000000000000071e+00,2.500000000000000000e+02,2.500000000000000000e+02,2.500000000000000000e+02
2.709999999999999964e+00,2.500000000000000000e+02,2.500000000000000000e+02,2.500000000000000000e+02
2.714999999999999858e+00,2.500000000000000000e+02,2.500000000000000000e+02,2.500000000000000000e+02
2.720000000000000195e+00,2.500000000000000000e+02,2.500000000000000000e+02,2.500000000000000000e+02
2.725000000000000089e+00,2.500000000000000000e+02,2.500000000000000000e+02,2.500000000000000000e+02
2.729999999999999982e+00,2.500000000000000000e+02,2.500000000000000000e+02,2.500000000000000000e+02
2.734999999999999876e+00,2.500000000000000000e+02,2.500000000000000000e+02,2.500000000000000000e+02
2.740000000000000213e+00,2.500000000000000000e+02,2.500000000000000000e+02,2.500000000000000000e+02
2.745000000000000107e+00,2.500000000000000000e+02,2.500000000000000000e+02,2.500000000000000000e+02
2.750000000000000000e+00,2.500000000000000000e+02,2.500000000000000000e+02,2.500000000000000000e+02
2.754999999999999893e+00,2.500000000000000000e+02,2.500000000000000000e+02,2.500000000000000000e+02
2.760000000000000231e+00,2.500000000000000000e+02,2.500000000000000000e+02,2.500000000000000000e+02
2.765000000000000124e+00,2.500000000000000000e+02,2.500000000000000000e+02,2.500000000000000000e+02
2.770000000000000018e+00,2.500000000000000000e+02,2.500000000000000000e+02,2.500000000000000000e+02
2.774999999999999911e+00,2.500000000000000000e+02,2.500000000000000000e+02,2.500000000000000000e+02
2.780000000000000249e+00,2.500000000000000000e+02,2.500000000000000000e+02,2.500000000000000000e+02
2.785000000000000142e+00,2.500000000000000000e+02,2.500000000000000000e+02,2.500000000000000000e+02
2.790000000000000036e+00,2.500000000000000000e+02,2.500000000000000000e+02,2.500000000000000000e+02
2.794999999999999929e+00,2.500000000000000000e+02,2.500000000000000000e+02,2.500000000000000000e+02
2.800000000000000266e+00,2.500000000000000000e+02,2.500000000000000000e+02,2.500000000000000000e+02
2.805000000000000160e+00,2.500000000000000000e+02,2.500000000000000000e+02,2.500000000000000000e+02
2.810000000000000053e+00,2.500000000000000000e+02,2.500000000000000000e+02,2.500000000000000000e+02
2.814999999999999947e+00,2.500000000000000000e+02,2.500000000000000000e+02,2.500000000000000000e+02
2.819999999999999840e+00,2.500000000000000000e+02,2.500000000000000000e+02,2.500000000000000000e+02
2.825000000000000178e+00,2.500000000000000000e+02,2.500000000000000000e+02,2.500000000000000000e+02
2.830000000000000071e+00,2.500000000000000000e+02,2.500000000000000000e+02,2.500000000000000000e+02
2.834999999999999964e+00,2.500000000000000000e+02,2.500000000000000000e+02,2.500000000000000000e+02
2.839999999999999858e+00,2.500000000000000000e+02,2.500000000000000000e+02,2.500000000000000000e+02
2.845000000000000195e+00,2.500000000000000000e+02,2.500000000000000000e+02,2.500000000000000000e+02
2.850000000000000089e+00,2.500000000000000000e+02,2.500000000000000000e+02,2.500000000000000000e+02
2.854999999999999982e+00,2.500000000000000000e+02,2.500000000000000000e+02,2.500000000000000000e+02
2.859999999999999876e+00,2.500000000000000000e+02,2.500000000000000000e+02,2.500000000000000000e+02
2.865000000000000213e+00,2.500000000000000000e+02,2.500000000000000000e+02,2.500000000000000000e+02
2.870000000000000107e+00,2.500000000000000000e+02,2.500000000000000000e+02,2.500000000000000000e+02
2.875000000000000000e+00,2.500000000000000000e+02,2.500000000000000000e+02,2.500000000000000000e+02
2.879999999999999893e+00,2.500000000000000000e+02,2.500000000000000000e+02,2.500000000000000000e+02
2.885000000000000231e+00,2.500000000000000000e+02,2.500000000000000000e+02,2.500000000000000000e+02
2.890000000000000124e+00,2.500000000000000000e+02,2.500000000000000000e+02,2.500000000000000000e+02
2.895000000000000018e+00,2.500000000000000000e+02,2.500000000000000000e+02,2.500000000000000000e+02
2.899999999999999911e+00,2.500000000000000000e+02,2.500000000000000000e+02,2.500000000000000000e+02
2.905000000000000249e+00,2.500000000000000000e+02,2.500000000000000000e+02,2.500000000000000000e+02
2.910000000000000142e+00,2.500000000000000000e+02,2.500000000000000000e+02,2.500000000000000000e+02
2.915000000000000036e+00,2.500000000000000000e+02,2.500000000000000000e+02,2.500000000000000000e+02
2.919999999999999929e+00,2.500000000000000000e+02,2.500000000000000000e+02,2.500000000000000000e+02
2.925000000000000266e+00,2.500000000000000000e+02,2.500000000000000000e+02,2.500000000000000000e+02
2.930000000000000160e+00,2.500000000000000000e+02,2.500000000000000000e+02,2.500000000000000000e+02
2.935000000000000053e+00,2.500000000000000000e+02,2.500000000000000000e+02,2.500000000000000000e+02
2.939999999999999947e+00,2.500000000000000000e+02,2.500000000000000000e+02,2.500000000000000000e+02
2.944999999999999840e+00,2.500000000000000000e+02,2.500000000000000000e+02,2.500000000000000000e+02
2.950000000000000178e+00,2.500000000000000000e+02,2.500000000000000000e+02,2.500000000000000000e+02
2.955000000000000071e+00,2.500000000000000000e+02,2.500000000000000000e+02,2.500000000000000000e+02
2.959999999999999964e+00,2.500000000000000000e+02,2.500000000000000000e+02,2.500000000000000000e+02
2.964999999999999858e+00,2.500000000000000000e+02,2.500000000000000000e+02,2.500000000000000000e+02
2.970000000000000195e+00,2.500000000000000000e+02,2.500000000000000000e+02,2.500000000000000000e+02
2.975000000000000089e+00,2.500000000000000000e+02,2.500000000000000000e+02,2.500000000000000000e+02
2.979999999999999982e+00,2.500000000000000000e+02,2.500000000000000000e+02,2.500000000000000000e+02
2.984999999999999876e+00,2.500000000000000000e+02,2.500000000000000000e+02,2.500000000000000000e+02
2.990000000000000213e+00,2.500000000000000000e+02,2.500000000000000000e+02,2.500000000000000000e+02
2.995000000000000107e+00,2.500000000000000000e+02,2.500000000000000000e+02,2.500000000000000000e+02
3.000000000000000000e+00,2.500000000000000000e+02,2.500000000000000000e+02,2.500000000000000000e+02
3.004999999999999893e+00,2.499999145825499909e+02,2.500000000000000000e+02,2.499999609790929469e+02
3.010000000000000231e+00,2.499986660863999930e+02,2.500000000000000000e+02,2.499993906336634666e+02
3.015000000000000124e+00,2.499934101518499858e+02,2.500000000000000000e+02,2.499969895864129228e+02
3.020000000000000018e+00,2.499796795392000206e+02,2.500000000000000000e+02,2.499907170863583019e+02
3.024999999999999911e+00,2.499516054687499889e+02,2.500000000000000000e+02,2.499778921226862280e+02
3.030000000000000249e+00,2.499021271167999885e+02,2.500000000000000000e+02,2.499552891279604978e+02
3.035000000000000142e+00,2.498231895196500147e+02,2.500000000000000000e+02,2.499192283858031374e+02
3.040000000000000036e+00,2.497059301376000064e+02,2.500000000000000000e+02,2.498656612581692684e+02
3.044999999999999929e+00,2.495408543309499692e+02,2.500000000000000000e+02,2.497902503473364959e+02
3.050000000000000266e+00,2.493180000000000121e+02,2.500000000000000000e+02,2.496884447077275411e+02
3.055000000000000160e+00,2.490270916410500206e+02,2.500000000000000000e+02,2.495555502226877138e+02
3.060000000000000053e+00,2.486576840703999949e+02,2.500000000000000000e+02,2.493867952613364878e+02
3.064999999999999947e+00,2.481992960683500087e+02,2.500000000000000000e+02,2.491773917306138344e+02
3.070000000000000284e+00,2.476415341951999665e+02,2.500000000000000000e+02,2.489225916376406360e+02
3.075000000000000178e+00,2.469742070312499607e+02,2.500000000000000000e+02,2.486177392775148292e+02
3.080000000000000071e+00,2.461874300928000139e+02,2.500000000000000000e+02,2.482583191616614613e+02
3.084999999999999964e+00,2.452717216761500367e+02,2.500000000000000000e+02,2.478399998018583119e+02
3.089999999999999858e+00,2.442180898816000365e+02,2.500000000000000000e+02,2.473586734650568815e+02
3.095000000000000195e+00,2.430181110694499580e+02,2.500000000000000000e+02,2.468104920141182390e+02
3.100000000000000089e+00,2.416639999999999588e+02,2.500000000000000000e+02,2.461918989495846688e+02
3.104999999999999982e+00,2.401486719095500177e+02,2.500000000000000000e+02,2.454996577676069762e+02
3.109999999999999876e+00,2.384657967744000473e+02,2.500000000000000000e+02,2.447308767491470007e+02
3.115000000000000213e+00,2.366098460148499214e+02,2.500000000000000000e+02,2.438830302955766740e+02
3.120000000000000107e+00,2.345761318911999922e+02,2.500000000000000000e+02,2.429539769257930857e+02
3.125000000000000000e+00,2.323608398437500000e+02,2.500000000000000000e+02,2.419419740499688771e+02
3.129999999999999893e+00,2.299610540288000493e+02,2.500000000000000000e+02,2.408456896350597276e+02
3.135000000000000231e+00,2.273747763026498774e+02,2.500000000000000000e+02,2.396642108771880544e+02
3.140000000000000124e+00,2.246009389055999179e+02,2.500000000000000000e+02,2.383970499960235543e+02
3.145000000000000018e+00,2.216394110979499885e+02,2.500000000000000000e+02,2.370441472662795661e+02
3.149999999999999911e+00,2.184910000000000423e+02,2.500000000000000000e+02,2.356058714014472457e+02
3.155000000000000249e+00,2.151574458880498355e+02,2.500000000000000000e+02,2.340830174048860499e+02
3.160000000000000142e+00,2.116414121983998768e+02,2.500000000000000000e+02,2.324768020033923506e+02
3.165000000000000036e+00,2.079464704913499702e+02,2.500000000000000000e+02,2.307888567783635381e+02
3.169999999999999929e+00,2.040770806272000470e+02,2.500000000000000000e+02,2.290212191096812262e+02
3.175000000000000266e+00,2.000385664062497995e+02,2.500000000000000000e+02,2.271763210474309744e+02
3.180000000000000160e+00,1.958370869247998485e+02,2.500000000000000000e+02,2.252569762265807469e+02
3.185000000000000053e+00,1.914796038991499358e+02,2.500000000000000000e+02,2.232663649397352117e+02
3.189999999999999947e+00,1.869738452096000572e+02,2.500000000000000000e+02,2.212080174830902024e+02
3.195000000000000284e+00,1.823282649164497116e+02,2.500000000000000000e+02,2.190857958907036220e+02
3.200000000000000178e+00,1.775519999999998220e+02,2.500000000000000000e+02,2.169038741722061729e+02
3.205000000000000071e+00,1.726548240765499145e+02,2.500000000000000000e+02,2.146667171690681926e+02
3.209999999999999964e+00,1.676470983424000565e+02,2.500000000000000000e+02,2.123790581445470593e+02
3.214999999999999858e+00,1.625397199978501703e+02,2.500000000000000000e+02,2.100458752224323007e+02
3.220000000000000195e+00,1.573440684031998273e+02,2.500000000000000000e+02,2.076723667897091730e+02
3.225000000000000089e+00,1.520719492187498929e+02,2.500000000000000000e+02,2.052639259782626198e+02
3.229999999999999982e+00,1.467355367808000040e+02,2.500000000000000000e+02,2.028261143407378597e+02
3.234999999999999876e+00,1.413473149656501562e+02,2.500000000000000000e+02,2.003646348356823239e+02
3.240000000000000213e+00,1.359200167935997854e+02,2.500000000000000000e+02,1.978853042370856201e+02
3.245000000000000107e+00,1.304665630249499202e+02,2.500000000000000000e+02,1.953940250834403685e+02
3.250000000000000000e+00,1.250000000000000000e+02,2.500000000000000000e+02,1.928967572814402160e+02
3.254999999999999893e+00,1.195334369750500940e+02,2.500000000000000000e+02,1.903994894794400636e+02
3.260000000000000231e+00,1.140799832063997172e+02,2.500000000000000000e+02,1.879082103257945846e+02
3.265000000000000124e+00,1.086526850343498865e+02,2.500000000000000000e+02,1.854288797271981082e+02
3.270000000000000018e+00,1.032644632191999960e+02,2.500000000000000000e+02,1.829674002221425724e+02
3.274999999999999911e+00,9.792805078125007867e+01,2.500000000000000000e+02,1.805295885846178123e+02
3.280000000000000249e+00,9.265593159679968949e+01,2.500000000000000000e+02,1.781211477731710318e+02
3.285000000000000142e+00,8.746028000214982967e+01,2.500000000000000000e+02,1.757476393404481314e+02
3.290000000000000036e+00,8.235290165760001457e+01,2.500000000000000000e+02,1.734144564183333728e+02
3.294999999999999929e+00,7.734517592345005710e+01,2.500000000000000000e+02,1.711267973938122395e+02
3.300000000000000266e+00,7.244799999999970908e+01,2.500000000000000000e+02,1.688896403906740602e+02
3.305000000000000160e+00,6.767173508354976263e+01,2.500000000000000000e+02,1.667077186721766111e+02
3.310000000000000053e+00,6.302615479039994284e+01,2.500000000000000000e+02,1.645854970797902581e+02
3.314999999999999947e+00,5.852039610085000021e+01,2.500000000000000000e+02,1.625271496231452204e+02
3.320000000000000284e+00,5.416291307519977494e+01,2.500000000000000000e+02,1.605365383362995431e+02
3.325000000000000178e+00,4.996143359374983106e+01,2.500000000000000000e+02,1.586171935154492871e+02
3.330000000000000071e+00,4.592291937280002401e+01,2.500000000000000000e+02,1.567722954531992343e+02
3.334999999999999964e+00,4.205352950864996586e+01,2.500000000000000000e+02,1.550046577845168940e+02
3.339999999999999858e+00,3.835858780159995973e+01,2.500000000000000000e+02,1.533167125594880247e+02
3.345000000000000195e+00,3.484255411195011476e+01,2.500000000000000000e+02,1.517104971579943538e+02
3.350000000000000089e+00,3.150899999999973389e+01,2.500000000000000000e+02,1.501876431614331011e+02
3.354999999999999982e+00,2.836058890205015004e+01,2.500000000000000000e+02,1.487493672966009512e+02
3.359999999999999876e+00,2.539906109440015314e+01,2.500000000000000000e+02,1.473964645668569347e+02
3.365000000000000213e+00,2.262522369735009420e+01,2.500000000000000000e+02,1.461293036856923777e+02
3.370000000000000107e+00,2.003894597120012122e+01,2.500000000000000000e+02,1.449478249278207898e+02
3.375000000000000000e+00,1.763916015625000000e+01,2.500000000000000000e+02,1.438515405129115834e+02
3.379999999999999893e+00,1.542386810880017123e+01,2.500000000000000000e+02,1.428395376370873748e+02
3.385000000000000231e+00,1.339015398514925614e+01,2.500000000000000000e+02,1.419104842673033602e+02
3.390000000000000124e+00,1.153420322559972533e+01,2.500000000000000000e+02,1.410626378137333745e+02
3.395000000000000018e+00,9.851328090450001795e+00,2.500000000000000000e+02,1.402938567952735127e+02
3.399999999999999911e+00,8.336000000000259647e+00,2.500000000000000000e+02,1.396016156132958486e+02
3.405000000000000249e+00,6.981888930549851047e+00,2.500000000000000000e+02,1.389830225487621362e+02
3.410000000000000142e+00,5.781910118399597565e+00,2.500000000000000000e+02,1.384348410978233801e+02
3.415000000000000036e+00,4.728278323850227061e+00,2.500000000000000000e+02,1.379535147610222339e+02
3.419999999999999929e+00,3.812569907199608643e+00,2.500000000000000000e+02,1.375351954012188003e+02
3.425000000000000266e+00,3.025792968749579703e+00,2.500000000000000000e+02,1.371757752853653756e+02
3.430000000000000160e+00,2.358465804799037002e+00,2.500000000000000000e+02,1.368709229252393129e+02
3.435000000000000053e+00,1.800703931649993983e+00,2.500000000000000000e+02,1.366161228322666261e+02
3.439999999999999947e+00,1.342315929598908442e+00,2.500000000000000000e+02,1.364067193015434611e+02
3.445000000000000284e+00,9.729083589502808271e-01,2.500000000000000000e+02,1.362379643401928604e+02
3.450000000000000178e+00,6.820000000002657270e-01,2.500000000000000000e+02,1.361050698551530331e+02
3.455000000000000071e+00,4.591456690501982685e-01,2.500000000000000000e+02,1.360032642155440215e+02
3.459999999999999964e+00,2.940698624006865547e-01,2.500000000000000000e+02,1.359278533047114479e+02
3.464999999999999858e+00,1.768104803495373911e-01,2.500000000000000000e+02,1.358742861770771242e+02
3.470000000000000195e+00,9.787288320037279554e-02,2.500000000000000000e+02,1.358382254349200764e+02
3.475000000000000089e+00,4.839453124855230826e-02,2.500000000000000000e+02,1.358156224401935219e+02
3.479999999999999982e+00,2.032046080088778864e-02,2.500000000000000000e+02,1.358027974765225565e+02
3.484999999999999876e+00,6.589848148996769496e-03,2.500000000000000000e+02,1.357965249764670546e+02
3.490000000000000213e+00,1.333913600271019462e-03,2.500000000000000000e+02,1.357941239292171076e+02
3.495000000000000107e+00,8.541744903056702753e-05,2.500000000000000000e+02,1.357935535837870304e+02
3.500000000000000000e+00,0.000000000000000000e+00,2.500000000000000000e+02,1.357935145628804037e+02
3.504999999999999893e+00,0.000000000000000000e+00,2.499999145825499909e+02,1.357934681663374477e+02
3.510000000000000231e+00,0.000000000000000000e+00,2.499986660863999930e+02,1.357927900156169585e+02
3.515000000000000124e+00,0.000000000000000000e+00,2.499934101518499858e+02,1.357899351283175235e+02
3.520000000000000018e+00,0.000000000000000000e+00,2.499796795392000206e+02,1.357824770157221508e+02
3.524999999999999911e+00,0.000000000000000000e+00,2.499516054687499889e+02,1.357672279089441645e+02
3.530000000000000249e+00,0.000000000000000000e+00,2.499021271167999885e+02,1.357403525517198943e+02
3.535000000000000142e+00,0.000000000000000000e+00,2.498231895196500147e+02,1.356974756967273379e+02
3.540000000000000036e+00,0.000000000000000000e+00,2.497059301376000064e+02,1.356337834423111417e+02
3.544999999999999929e+00,0.000000000000000000e+00,2.495408543309499692e+02,1.355441185464939053e+02
3.550000000000000266e+00,0.000000000000000000e+00,2.493180000000000121e+02,1.354230698551528747e+02
3.555000000000000160e+00,0.000000000000000000e+00,2.490270916410500206e+02,1.352650559812427389e+02
3.560000000000000053e+00,0.000000000000000000e+00,2.486576840703999949e+02,1.350644033719439392e+02
3.564999999999999947e+00,0.000000000000000000e+00,2.481992960683500087e+02,1.348154189006166348e+02
3.570000000000000284e+00,0.000000000000000000e+00,2.476415341951999665e+02,1.345124571204397341e+02
3.575000000000000178e+00,0.000000000000000000e+00,2.469742070312499607e+02,1.341499823166155352e+02
3.580000000000000071e+00,0.000000000000000000e+00,2.461874300928000139e+02,1.337226254940189563e+02
3.584999999999999964e+00,0.000000000000000000e+00,2.452717216761500367e+02,1.332252364371721285e+02
3.589999999999999858e+00,0.000000000000000000e+00,2.442180898816000365e+02,1.326529309794235871e+02
3.595000000000000195e+00,0.000000000000000000e+00,2.430181110694499580e+02,1.320011336182121795e+02
3.600000000000000089e+00,0.000000000000000000e+00,2.416639999999999588e+02,1.312656156132957221e+02
3.604999999999999982e+00,0.000000000000000000e+00,2.401486719095500177e+02,1.304425287048235020e+02
3.609999999999999876e+00,0.000000000000000000e+00,2.384657967744000473e+02,1.295284345881335071e+02
3.615000000000000213e+00,0.000000000000000000e+00,2.366098460148499214e+02,1.285203302821536795e+02
3.620000000000000107e+00,0.000000000000000000e+00,2.345761318911999922e+02,1.274156695282872960e+02
3.625000000000000000e+00,0.000000000000000000e+00,2.323608398437500000e+02,1.262123803566615692e+02
3.629999999999999893e+00,0.000000000000000000e+00,2.299610540288000493e+02,1.249088789566207680e+02
3.635000000000000231e+00,0.000000000000000000e+00,2.273747763026498774e+02,1.235040799883422551e+02
3.640000000000000124e+00,0.000000000000000000e+00,2.246009389055999179e+02,1.219974034724567957e+02
3.645000000000000018e+00,0.000000000000000000e+00,2.216394110979499885e+02,1.203887783945508545e+02
3.649999999999999911e+00,0.000000000000000000e+00,2.184910000000000423e+02,1.186786431614332571e+02
3.655000000000000249e+00,0.000000000000000000e+00,2.151574458880498355e+02,1.168679430460442177e+02
3.660000000000000142e+00,0.000000000000000000e+00,2.116414121983998768e+02,1.149581247578879726e+02
3.665000000000000036e+00,0.000000000000000000e+00,2.079464704913499702e+02,1.129511282758668642e+02
3.669999999999999929e+00,0.000000000000000000e+00,2.040770806272000470e+02,1.108493760803992529e+02
3.675000000000000266e+00,0.000000000000000000e+00,2.000385664062497995e+02,1.086557599216992287e+02
3.680000000000000160e+00,0.000000000000000000e+00,1.958370869247998485e+02,1.063736252610995621e+02
3.685000000000000053e+00,0.000000000000000000e+00,1.914796038991499358e+02,1.040067535222951705e+02
3.689999999999999947e+00,0.000000000000000000e+00,1.869738452096000572e+02,1.015593422893903011e+02
3.695000000000000284e+00,0.000000000000000000e+00,1.823282649164497116e+02,9.903598358862653583e+01
3.700000000000000178e+00,0.000000000000000000e+00,1.775519999999998220e+02,9.644164039067409533e+01
3.705000000000000071e+00,0.000000000000000000e+00,1.726548240765499145e+02,9.378162147036216822e+01
3.709999999999999964e+00,0.000000000000000000e+00,1.676470983424000565e+02,9.106155476073338662e+01
3.714999999999999858e+00,0.000000000000000000e+00,1.625397199978501703e+02,8.828735933829830174e+01
3.720000000000000195e+00,0.000000000000000000e+00,1.573440684031998273e+02,8.546521617637107227e+01
3.725000000000000089e+00,0.000000000000000000e+00,1.520719492187498929e+02,8.260153780336770524e+01
3.729999999999999982e+00,0.000000000000000000e+00,1.467355367808000040e+02,7.970293700294256212e+01
3.734999999999999876e+00,0.000000000000000000e+00,1.413473149656501562e+02,7.677619469284823595e+01
3.740000000000000213e+00,0.000000000000000000e+00,1.359200167935997854e+02,7.382822711939458316e+01
3.745000000000000107e+00,0.000000000000000000e+00,1.304665630249499202e+02,7.086605250438996961e+01
3.750000000000000000e+00,0.000000000000000000e+00,1.250000000000000000e+02,6.789675728144020184e+01
3.754999999999999893e+00,0.000000000000000000e+00,1.195334369750500940e+02,6.492746205849044827e+01
3.760000000000000231e+00,0.000000000000000000e+00,1.140799832063997172e+02,6.196528744348557893e+01
3.765000000000000124e+00,0.000000000000000000e+00,1.086526850343498865e+02,5.901731987003220326e+01
3.770000000000000018e+00,0.000000000000000000e+00,1.032644632191999960e+02,5.609057755993785577e+01
3.774999999999999911e+00,0.000000000000000000e+00,9.792805078125007867e+01,5.319197675951270554e+01
3.780000000000000249e+00,0.000000000000000000e+00,9.265593159679968949e+01,5.032829838650908982e+01
3.785000000000000142e+00,0.000000000000000000e+00,8.746028000214982967e+01,4.750615522458213036e+01
3.790000000000000036e+00,0.000000000000000000e+00,8.235290165760001457e+01,4.473195980214706680e+01
3.794999999999999929e+00,0.000000000000000000e+00,7.734517592345005710e+01,4.201189309251825676e+01
3.800000000000000266e+00,0.000000000000000000e+00,7.244799999999970908e+01,3.935187417220608808e+01
3.805000000000000160e+00,0.000000000000000000e+00,6.767173508354976263e+01,3.675753097425359783e+01
3.810000000000000053e+00,0.000000000000000000e+00,6.302615479039994284e+01,3.423417227349012393e+01
3.814999999999999947e+00,0.000000000000000000e+00,5.852039610085000021e+01,3.178676104058521545e+01
3.820000000000000284e+00,0.000000000000000000e+00,5.416291307519977494e+01,2.941988930178066752e+01
3.825000000000000178e+00,0.000000000000000000e+00,4.996143359374983106e+01,2.713775464118100444e+01
3.830000000000000071e+00,0.000000000000000000e+00,4.592291937280002401e+01,2.494413848248121468e+01
3.834999999999999964e+00,0.000000000000000000e+00,4.205352950864996586e+01,2.284238628701352525e+01
3.839999999999999858e+00,0.000000000000000000e+00,3.835858780159995973e+01,2.083538980499236359e+01
3.845000000000000195e+00,0.000000000000000000e+00,3.484255411195011476e+01,1.892557151683618955e+01
3.850000000000000089e+00,0.000000000000000000e+00,3.150899999999973389e+01,1.711487140144705066e+01
3.854999999999999982e+00,0.000000000000000000e+00,2.836058890205015004e+01,1.540473616832964865e+01
3.859999999999999876e+00,0.000000000000000000e+00,2.539906109440015314e+01,1.379611109042366657e+01
3.865000000000000213e+00,0.000000000000000000e+00,2.262522369735009420e+01,1.228943457453815036e+01
3.870000000000000107e+00,0.000000000000000000e+00,2.003894597120012122e+01,1.088463560625975113e+01
3.875000000000000000e+00,0.000000000000000000e+00,1.763916015625000000e+01,9.581134206218857585e+00
3.879999999999999893e+00,0.000000000000000000e+00,1.542386810880017123e+01,8.377845034593210727e+00
3.885000000000000231e+00,0.000000000000000000e+00,1.339015398514925614e+01,7.273184280726307627e+00
3.890000000000000124e+00,0.000000000000000000e+00,1.153420322559972533e+01,6.265079974746795344e+00
3.895000000000000018e+00,0.000000000000000000e+00,9.851328090450001795e+00,5.350985858056941602e+00
3.899999999999999911e+00,0.000000000000000000e+00,8.336000000000259647e+00,4.527898949584826305e+00
3.905000000000000249e+00,0.000000000000000000e+00,6.981888930549851047e+00,3.792380944668139353e+00
3.910000000000000142e+00,0.000000000000000000e+00,5.781910118399597565e+00,3.140583583456645567e+00
3.915000000000000036e+00,0.000000000000000000e+00,4.728278323850227061e+00,2.568278125708430615e+00
3.919999999999999929e+00,0.000000000000000000e+00,3.812569907199608643e+00,2.070889068861239135e+00
3.925000000000000266e+00,0.000000000000000000e+00,3.025792968749579703e+00,1.643532246264629126e+00
3.930000000000000160e+00,0.000000000000000000e+00,2.358465804799037002e+00,1.281057442440134198e+00
3.935000000000000053e+00,0.000000000000000000e+00,1.800703931649993983e+00,9.780956622637979603e-01
3.939999999999999947e+00,0.000000000000000000e+00,1.342315929598908442e+00,7.291111909359030419e-01
3.945000000000000284e+00,0.000000000000000000e+00,9.729083589502808271e-01,5.284585816378521983e-01
3.950000000000000178e+00,0.000000000000000000e+00,6.820000000002657270e-01,3.704447077276821210e-01
3.955000000000000071e+00,0.000000000000000000e+00,4.591456690501982685e-01,2.493960163866063284e-01
3.959999999999999964e+00,0.000000000000000000e+00,2.940698624006865547e-01,1.597311205696475001e-01
3.965000000000000302e+00,0.000000000000000000e+00,1.768104803499537248e-01,9.603886615308530883e-02
3.970000000000000195e+00,0.000000000000000000e+00,9.787288320037279554e-02,5.316201116072367255e-02
3.975000000000000089e+00,0.000000000000000000e+00,4.839453124855230826e-02,2.628665393545623688e-02
3.979999999999999982e+00,0.000000000000000000e+00,2.032046080088778864e-02,1.103754715875918634e-02
3.984999999999999876e+00,0.000000000000000000e+00,6.589848148996769496e-03,3.579434562351853713e-03
3.990000000000000213e+00,0.000000000000000000e+00,1.333913600271019462e-03,7.245472636161077572e-04
3.995000000000000107e+00,0.000000000000000000e+00,8.541744903056702753e-05,4.639654243542560468e-05
4.000000000000000000e+00,0.000000000000000000e+00,0.000000000000000000e+00,0.000000000000000000e+00
